"../../../Engine/Plugins/2D/Paper2D/Content/PlaceholderTextures/DummySpriteTexture.ubulk" 0
"../../../Engine/Plugins/2D/Paper2D/Content/PlaceholderTextures/DummySpriteTexture.uasset" 1
"../../../Engine/Plugins/2D/Paper2D/Content/PlaceholderTextures/DummySpriteTexture.uexp" 2
"../../../Engine/Plugins/2D/Paper2D/Content/DummySprite.uasset" 3
"../../../Engine/Plugins/2D/Paper2D/Content/DummySprite.uexp" 4
"../../../Engine/Plugins/2D/Paper2D/Content/DefaultPaperTerrainMaterial.uasset" 5
"../../../Engine/Plugins/2D/Paper2D/Content/DefaultPaperTerrainMaterial.uexp" 6
"../../../Engine/Plugins/Animation/ACLPlugin/Content/ACLAnimCurveCompressionSettings.uasset" 7
"../../../Engine/Plugins/Animation/ACLPlugin/Content/ACLAnimCurveCompressionSettings.uexp" 8
"../../../Engine/Plugins/Animation/ACLPlugin/Content/ACLAnimBoneCompressionSettings.uasset" 9
"../../../Engine/Plugins/Animation/ACLPlugin/Content/ACLAnimBoneCompressionSettings.uexp" 10
"../../../Engine/Plugins/Interchange/Runtime/Content/Pipelines/DefaultTexturePipeline.uasset" 11
"../../../Engine/Plugins/Interchange/Runtime/Content/Pipelines/DefaultTexturePipeline.uexp" 12
"../../../Engine/Plugins/Interchange/Runtime/Content/Pipelines/DefaultSceneLevelPipeline.uasset" 13
"../../../Engine/Plugins/Interchange/Runtime/Content/Pipelines/DefaultSceneLevelPipeline.uexp" 14
"../../../Engine/Plugins/Interchange/Runtime/Content/Pipelines/DefaultSceneAssetsPipeline.uasset" 15
"../../../Engine/Plugins/Interchange/Runtime/Content/Pipelines/DefaultSceneAssetsPipeline.uexp" 16
"../../../Engine/Plugins/Interchange/Runtime/Content/Pipelines/DefaultMaterialXPipeline.uasset" 17
"../../../Engine/Plugins/Interchange/Runtime/Content/Pipelines/DefaultMaterialXPipeline.uexp" 18
"../../../Engine/Plugins/Interchange/Runtime/Content/Pipelines/DefaultMaterialPipeline.uasset" 19
"../../../Engine/Plugins/Interchange/Runtime/Content/Pipelines/DefaultMaterialPipeline.uexp" 20
"../../../Engine/Plugins/Interchange/Runtime/Content/Pipelines/DefaultGLTFSceneAssetsPipeline.uasset" 21
"../../../Engine/Plugins/Interchange/Runtime/Content/Pipelines/DefaultGLTFSceneAssetsPipeline.uexp" 22
"../../../Engine/Plugins/Interchange/Runtime/Content/Pipelines/DefaultGLTFPipeline.uasset" 23
"../../../Engine/Plugins/Interchange/Runtime/Content/Pipelines/DefaultGLTFPipeline.uexp" 24
"../../../Engine/Plugins/Interchange/Runtime/Content/Pipelines/DefaultGLTFAssetsPipeline.uasset" 25
"../../../Engine/Plugins/Interchange/Runtime/Content/Pipelines/DefaultGLTFAssetsPipeline.uexp" 26
"../../../Engine/Plugins/Interchange/Runtime/Content/Pipelines/DefaultAssetsPipeline.uasset" 27
"../../../Engine/Plugins/Interchange/Runtime/Content/Pipelines/DefaultAssetsPipeline.uexp" 28
"../../../Engine/Plugins/Animation/ControlRig/Content/Controls/DefaultGizmoLibraryNormalized.uasset" 29
"../../../Engine/Plugins/Animation/ControlRig/Content/Controls/DefaultGizmoLibraryNormalized.uexp" 30
"../../../Engine/Content/EngineSounds/Master.uasset" 31
"../../../Engine/Content/EngineSounds/Master.uexp" 32
"../../../Engine/Content/EngineMaterials/DefaultPhysicalMaterial.uasset" 33
"../../../Engine/Content/EngineMaterials/DefaultPhysicalMaterial.uexp" 34
"../../../Engine/Content/EngineMaterials/DefaultDestructiblePhysicalMaterial.uasset" 35
"../../../Engine/Content/EngineMaterials/DefaultDestructiblePhysicalMaterial.uexp" 36
"../../../Engine/Content/EngineFonts/Faces/DroidSansFallback.uexp" 37
"../../../Engine/Content/EngineFonts/Faces/DroidSansFallback.uasset" 38
"../../../Engine/Content/EngineFonts/Faces/DroidSansFallback.ufont" 39
"../../../Engine/Content/EngineFonts/Faces/RobotoRegular.uexp" 40
"../../../Engine/Content/EngineFonts/Faces/RobotoRegular.uasset" 41
"../../../Engine/Content/EngineFonts/Faces/RobotoRegular.ufont" 42
"../../../Engine/Content/EngineFonts/Faces/RobotoLight.uexp" 43
"../../../Engine/Content/EngineFonts/Faces/RobotoLight.uasset" 44
"../../../Engine/Content/EngineFonts/Faces/RobotoLight.ufont" 45
"../../../Engine/Content/EngineFonts/Faces/RobotoItalic.uexp" 46
"../../../Engine/Content/EngineFonts/Faces/RobotoItalic.uasset" 47
"../../../Engine/Content/EngineFonts/Faces/RobotoItalic.ufont" 48
"../../../Engine/Content/EngineFonts/Faces/RobotoBoldItalic.uexp" 49
"../../../Engine/Content/EngineFonts/Faces/RobotoBoldItalic.uasset" 50
"../../../Engine/Content/EngineFonts/Faces/RobotoBoldItalic.ufont" 51
"../../../Engine/Content/EngineFonts/Faces/RobotoBold.uexp" 52
"../../../Engine/Content/EngineFonts/Faces/RobotoBold.uasset" 53
"../../../Engine/Content/EngineFonts/Faces/RobotoBold.ufont" 54
"../../../Engine/Content/EngineFonts/Roboto.uasset" 55
"../../../Engine/Content/EngineFonts/Roboto.uexp" 56
"../../../Engine/Content/EngineFonts/Faces/DroidSansMono.uexp" 57
"../../../Engine/Content/EngineFonts/Faces/DroidSansMono.uasset" 58
"../../../Engine/Content/EngineFonts/Faces/DroidSansMono.ufont" 59
"../../../Engine/Content/EngineFonts/DroidSansMono.uasset" 60
"../../../Engine/Content/EngineFonts/DroidSansMono.uexp" 61
"../../../Engine/Content/Animation/DefaultVariableFrameStrippingSettings.uasset" 62
"../../../Engine/Content/Animation/DefaultVariableFrameStrippingSettings.uexp" 63
"../../../Engine/Content/Animation/DefaultRecorderBoneCompression.uasset" 64
"../../../Engine/Content/Animation/DefaultRecorderBoneCompression.uexp" 65
"../../../Engine/Content/MobileResources/HUD/VirtualJoystick_Thumb.uasset" 66
"../../../Engine/Content/MobileResources/HUD/VirtualJoystick_Thumb.uexp" 67
"../../../Engine/Content/MobileResources/HUD/VirtualJoystick_Background.uasset" 68
"../../../Engine/Content/MobileResources/HUD/VirtualJoystick_Background.uexp" 69
"../../../Engine/Content/MobileResources/HUD/DefaultVirtualJoysticks.uasset" 70
"../../../Engine/Content/MobileResources/HUD/DefaultVirtualJoysticks.uexp" 71
"../../../Engine/Content/EngineResources/GradientTexture0.uasset" 72
"../../../Engine/Content/EngineResources/GradientTexture0.uexp" 73
"../../../Engine/Content/EngineResources/Black.uasset" 74
"../../../Engine/Content/EngineResources/Black.uexp" 75
"../../../Engine/Content/EditorResources/S_Actor.ubulk" 76
"../../../Engine/Content/EditorResources/S_Actor.uasset" 77
"../../../Engine/Content/EditorResources/S_Actor.uexp" 78
"../../../Engine/Plugins/NNE/NNEDenoiser/Content/NNEDTOM_Output_Default.uasset" 79
"../../../Engine/Plugins/NNE/NNEDenoiser/Content/NNEDTOM_Output_Default.uexp" 80
"../../../Engine/Plugins/NNE/NNEDenoiser/Content/NNEDTOM_Output_Alpha.uasset" 81
"../../../Engine/Plugins/NNE/NNEDenoiser/Content/NNEDTOM_Output_Alpha.uexp" 82
"../../../Engine/Plugins/NNE/NNEDenoiser/Content/NNEDTIM_ColorAlbedoNormal_Default.uasset" 83
"../../../Engine/Plugins/NNE/NNEDenoiser/Content/NNEDTIM_ColorAlbedoNormal_Default.uexp" 84
"../../../Engine/Plugins/NNE/NNEDenoiser/Content/NNEDTIM_ColorAlbedoNormal_Alpha.uasset" 85
"../../../Engine/Plugins/NNE/NNEDenoiser/Content/NNEDTIM_ColorAlbedoNormal_Alpha.uexp" 86
"../../../Engine/Plugins/NNE/NNEDenoiser/Content/NNEDOM_Output_Default.uasset" 87
"../../../Engine/Plugins/NNE/NNEDenoiser/Content/NNEDOM_Output_Default.uexp" 88
"../../../Engine/Plugins/NNE/NNEDenoiser/Content/NNEDOM_Output_Alpha.uasset" 89
"../../../Engine/Plugins/NNE/NNEDenoiser/Content/NNEDOM_Output_Alpha.uexp" 90
"../../../Engine/Plugins/NNE/NNEDenoiser/Content/NNEDIM_HighQuality_Default.uasset" 91
"../../../Engine/Plugins/NNE/NNEDenoiser/Content/NNEDIM_HighQuality_Default.uexp" 92
"../../../Engine/Plugins/NNE/NNEDenoiser/Content/NNEDIM_HighQuality_Alpha.uasset" 93
"../../../Engine/Plugins/NNE/NNEDenoiser/Content/NNEDIM_HighQuality_Alpha.uexp" 94
"../../../Engine/Plugins/NNE/NNEDenoiser/Content/NNEDIM_ColorAlbedoNormal_Default.uasset" 95
"../../../Engine/Plugins/NNE/NNEDenoiser/Content/NNEDIM_ColorAlbedoNormal_Default.uexp" 96
"../../../Engine/Plugins/NNE/NNEDenoiser/Content/NNEDIM_ColorAlbedoNormal_Alpha.uasset" 97
"../../../Engine/Plugins/NNE/NNEDenoiser/Content/NNEDIM_ColorAlbedoNormal_Alpha.uexp" 98
"../../../Engine/Content/EngineMaterials/T_Default_Material_Grid_M.ubulk" 99
"../../../Engine/Content/EngineMaterials/T_Default_Material_Grid_M.uasset" 100
"../../../Engine/Content/EngineMaterials/T_Default_Material_Grid_M.uexp" 101
"../../../Engine/Content/Functions/Engine_MaterialFunctions01/Opacity/CameraDepthFade.uasset" 102
"../../../Engine/Content/Functions/Engine_MaterialFunctions01/Opacity/CameraDepthFade.uexp" 103
"../../../Engine/Content/EngineMaterials/T_Default_Material_Grid_N.ubulk" 104
"../../../Engine/Content/EngineMaterials/T_Default_Material_Grid_N.uasset" 105
"../../../Engine/Content/EngineMaterials/T_Default_Material_Grid_N.uexp" 106
"../../../Engine/Content/EngineMaterials/WorldGridMaterial.uasset" 107
"../../../Engine/Content/EngineMaterials/WorldGridMaterial.uexp" 108
"../../../Engine/Content/BasicShapes/Cube.ubulk" 109
"../../../Engine/Content/BasicShapes/Cube.uasset" 110
"../../../Engine/Content/BasicShapes/Cube.uexp" 111
"../../../Engine/Content/BasicShapes/Plane.ubulk" 112
"../../../Engine/Content/BasicShapes/Plane.uasset" 113
"../../../Engine/Content/BasicShapes/Plane.uexp" 114
"../../../Engine/Content/EngineFonts/RobotoDistanceField.uasset" 115
"../../../Engine/Content/EngineFonts/RobotoDistanceField.uexp" 116
"../../../Engine/Content/EngineMaterials/DefaultTextMaterialTranslucent.uasset" 117
"../../../Engine/Content/EngineMaterials/DefaultTextMaterialTranslucent.uexp" 118
"C:/Unreal/Unreal Projects/Urbanization/Content/UI/WBP_ProgressBar.uasset" 119
"C:/Unreal/Unreal Projects/Urbanization/Content/UI/WBP_ProgressBar.uexp" 120
"C:/Unreal/Unreal Projects/Urbanization/Content/Buildings/BuildingInfo.uasset" 121
"C:/Unreal/Unreal Projects/Urbanization/Content/Buildings/BuildingInfo.uexp" 122
"C:/Unreal/Unreal Projects/Urbanization/Content/SFX/Placement_03.ubulk" 123
"C:/Unreal/Unreal Projects/Urbanization/Content/SFX/Placement_03.uasset" 124
"C:/Unreal/Unreal Projects/Urbanization/Content/SFX/Placement_03.uexp" 125
"C:/Unreal/Unreal Projects/Urbanization/Content/SFX/Placement_01_Cue.uasset" 126
"C:/Unreal/Unreal Projects/Urbanization/Content/SFX/Placement_01_Cue.uexp" 127
"C:/Unreal/Unreal Projects/Urbanization/Content/SFX/Coins_02.ubulk" 128
"C:/Unreal/Unreal Projects/Urbanization/Content/SFX/Coins_02.uasset" 129
"C:/Unreal/Unreal Projects/Urbanization/Content/SFX/Coins_02.uexp" 130
"C:/Unreal/Unreal Projects/Urbanization/Content/SFX/Coins_02_Cue.uasset" 131
"C:/Unreal/Unreal Projects/Urbanization/Content/SFX/Coins_02_Cue.uexp" 132
"C:/Unreal/Unreal Projects/Urbanization/Content/SFX/Coins_01.ubulk" 133
"C:/Unreal/Unreal Projects/Urbanization/Content/SFX/Coins_01.uasset" 134
"C:/Unreal/Unreal Projects/Urbanization/Content/SFX/Coins_01.uexp" 135
"C:/Unreal/Unreal Projects/Urbanization/Content/SFX/Coins_01_Cue.uasset" 136
"C:/Unreal/Unreal Projects/Urbanization/Content/SFX/Coins_01_Cue.uexp" 137
"C:/Unreal/Unreal Projects/Urbanization/Content/ParticleEffects/dollarSign.ubulk" 138
"C:/Unreal/Unreal Projects/Urbanization/Content/ParticleEffects/dollarSign.uasset" 139
"C:/Unreal/Unreal Projects/Urbanization/Content/ParticleEffects/dollarSign.uexp" 140
"C:/Unreal/Unreal Projects/Urbanization/Content/ParticleEffects/T_DollarSign.uasset" 141
"C:/Unreal/Unreal Projects/Urbanization/Content/ParticleEffects/T_DollarSign.uexp" 142
"C:/Unreal/Unreal Projects/Urbanization/Content/ParticleEffects/PS_EffectTrigger.uasset" 143
"C:/Unreal/Unreal Projects/Urbanization/Content/ParticleEffects/PS_EffectTrigger.uexp" 144
"C:/Unreal/Unreal Projects/Urbanization/Content/Meshes/openPBR_shader1.uasset" 145
"C:/Unreal/Unreal Projects/Urbanization/Content/Meshes/openPBR_shader1.uexp" 146
"C:/Unreal/Unreal Projects/Urbanization/Content/Meshes/building_PROXY.ubulk" 147
"C:/Unreal/Unreal Projects/Urbanization/Content/Meshes/building_PROXY.uasset" 148
"C:/Unreal/Unreal Projects/Urbanization/Content/Meshes/building_PROXY.uexp" 149
"C:/Unreal/Unreal Projects/Urbanization/Content/Buildings/BP_BuildingBase.uasset" 150
"C:/Unreal/Unreal Projects/Urbanization/Content/Buildings/BP_BuildingBase.uexp" 151
"C:/Unreal/Unreal Projects/Urbanization/Content/UI/Fonts/Quantico-Bold.uexp" 152
"C:/Unreal/Unreal Projects/Urbanization/Content/UI/Fonts/Quantico-Bold.uasset" 153
"C:/Unreal/Unreal Projects/Urbanization/Content/UI/Fonts/Quantico-Bold.ufont" 154
"C:/Unreal/Unreal Projects/Urbanization/Content/UI/Fonts/Quantico-Bold_Font.uasset" 155
"C:/Unreal/Unreal Projects/Urbanization/Content/UI/Fonts/Quantico-Bold_Font.uexp" 156
"C:/Unreal/Unreal Projects/Urbanization/Content/UI/WBP_InsufficientPopulation.uasset" 157
"C:/Unreal/Unreal Projects/Urbanization/Content/UI/WBP_InsufficientPopulation.uexp" 158
"C:/Unreal/Unreal Projects/Urbanization/Content/UI/WBP_InsufficientFunds.uasset" 159
"C:/Unreal/Unreal Projects/Urbanization/Content/UI/WBP_InsufficientFunds.uexp" 160
"C:/Unreal/Unreal Projects/Urbanization/Content/SFX/errorSFX.ubulk" 161
"C:/Unreal/Unreal Projects/Urbanization/Content/SFX/errorSFX.uasset" 162
"C:/Unreal/Unreal Projects/Urbanization/Content/SFX/errorSFX.uexp" 163
"C:/Unreal/Unreal Projects/Urbanization/Content/Materials/BlackBoxV3.uasset" 164
"C:/Unreal/Unreal Projects/Urbanization/Content/Materials/BlackBoxV3.uexp" 165
"C:/Unreal/Unreal Projects/Urbanization/Content/Materials/Textures/blackbox__1_.ubulk" 166
"C:/Unreal/Unreal Projects/Urbanization/Content/Materials/Textures/blackbox__1_.uasset" 167
"C:/Unreal/Unreal Projects/Urbanization/Content/Materials/Textures/blackbox__1_.uexp" 168
"C:/Unreal/Unreal Projects/Urbanization/Content/Materials/Textures/M_BlackBox.uasset" 169
"C:/Unreal/Unreal Projects/Urbanization/Content/Materials/Textures/M_BlackBox.uexp" 170
"../../../Engine/Content/Functions/Engine_MaterialFunctions01/Gradient/LinearGradient.uasset" 171
"../../../Engine/Content/Functions/Engine_MaterialFunctions01/Gradient/LinearGradient.uexp" 172
"../../../Engine/Content/Functions/Engine_MaterialFunctions01/ImageAdjustment/CheapContrast.uasset" 173
"../../../Engine/Content/Functions/Engine_MaterialFunctions01/ImageAdjustment/CheapContrast.uexp" 174
"C:/Unreal/Unreal Projects/Urbanization/Content/Materials/Textures/Concrete/T_Mask.ubulk" 175
"C:/Unreal/Unreal Projects/Urbanization/Content/Materials/Textures/Concrete/T_Mask.uasset" 176
"C:/Unreal/Unreal Projects/Urbanization/Content/Materials/Textures/Concrete/T_Mask.uexp" 177
"C:/Unreal/Unreal Projects/Urbanization/Content/Materials/Textures/Concrete/plane_GroundTexture_OcclusionRoughnessMetallic_Utility_-_Raw.ubulk" 178
"C:/Unreal/Unreal Projects/Urbanization/Content/Materials/Textures/Concrete/plane_GroundTexture_OcclusionRoughnessMetallic_Utility_-_Raw.uasset" 179
"C:/Unreal/Unreal Projects/Urbanization/Content/Materials/Textures/Concrete/plane_GroundTexture_OcclusionRoughnessMetallic_Utility_-_Raw.uexp" 180
"C:/Unreal/Unreal Projects/Urbanization/Content/Materials/Textures/Concrete/plane_GroundTexture_Normal_Utility_-_Raw.ubulk" 181
"C:/Unreal/Unreal Projects/Urbanization/Content/Materials/Textures/Concrete/plane_GroundTexture_Normal_Utility_-_Raw.uasset" 182
"C:/Unreal/Unreal Projects/Urbanization/Content/Materials/Textures/Concrete/plane_GroundTexture_Normal_Utility_-_Raw.uexp" 183
"C:/Unreal/Unreal Projects/Urbanization/Content/Materials/Textures/Concrete/plane_GroundTexture_BaseColor_Utility_-_sRGB_-_Texture.ubulk" 184
"C:/Unreal/Unreal Projects/Urbanization/Content/Materials/Textures/Concrete/plane_GroundTexture_BaseColor_Utility_-_sRGB_-_Texture.uasset" 185
"C:/Unreal/Unreal Projects/Urbanization/Content/Materials/Textures/Concrete/plane_GroundTexture_BaseColor_Utility_-_sRGB_-_Texture.uexp" 186
"C:/Unreal/Unreal Projects/Urbanization/Content/Materials/Textures/Concrete/plane_GroundTexture2_OcclusionRoughnessMetallic_Utility_-_Raw.ubulk" 187
"C:/Unreal/Unreal Projects/Urbanization/Content/Materials/Textures/Concrete/plane_GroundTexture2_OcclusionRoughnessMetallic_Utility_-_Raw.uasset" 188
"C:/Unreal/Unreal Projects/Urbanization/Content/Materials/Textures/Concrete/plane_GroundTexture2_OcclusionRoughnessMetallic_Utility_-_Raw.uexp" 189
"C:/Unreal/Unreal Projects/Urbanization/Content/Materials/Textures/Concrete/plane_GroundTexture2_Normal_Utility_-_Raw.ubulk" 190
"C:/Unreal/Unreal Projects/Urbanization/Content/Materials/Textures/Concrete/plane_GroundTexture2_Normal_Utility_-_Raw.uasset" 191
"C:/Unreal/Unreal Projects/Urbanization/Content/Materials/Textures/Concrete/plane_GroundTexture2_Normal_Utility_-_Raw.uexp" 192
"C:/Unreal/Unreal Projects/Urbanization/Content/Materials/Textures/Concrete/plane_GroundTexture2_BaseColor_Utility_-_sRGB_-_Texture.ubulk" 193
"C:/Unreal/Unreal Projects/Urbanization/Content/Materials/Textures/Concrete/plane_GroundTexture2_BaseColor_Utility_-_sRGB_-_Texture.uasset" 194
"C:/Unreal/Unreal Projects/Urbanization/Content/Materials/Textures/Concrete/plane_GroundTexture2_BaseColor_Utility_-_sRGB_-_Texture.uexp" 195
"C:/Unreal/Unreal Projects/Urbanization/Content/Materials/Textures/Concrete/M_Concrete.uasset" 196
"C:/Unreal/Unreal Projects/Urbanization/Content/Materials/Textures/Concrete/M_Concrete.uexp" 197
"C:/Unreal/Unreal Projects/Urbanization/Content/GridTiles/BP_GridTile.uasset" 198
"C:/Unreal/Unreal Projects/Urbanization/Content/GridTiles/BP_GridTile.uexp" 199
"C:/Unreal/Unreal Projects/Urbanization/Content/Buildings/Upgrades/Icons/Apartment.uasset" 200
"C:/Unreal/Unreal Projects/Urbanization/Content/Buildings/Upgrades/Icons/Apartment.uexp" 201
"C:/Unreal/Unreal Projects/Urbanization/Content/Buildings/Upgrades/BP_Upgrade.uasset" 202
"C:/Unreal/Unreal Projects/Urbanization/Content/Buildings/Upgrades/BP_Upgrade.uexp" 203
"C:/Unreal/Unreal Projects/Urbanization/Content/Buildings/Upgrades/BP_SkyscraperUpgrade.uasset" 204
"C:/Unreal/Unreal Projects/Urbanization/Content/Buildings/Upgrades/BP_SkyscraperUpgrade.uexp" 205
"C:/Unreal/Unreal Projects/Urbanization/Content/Materials/Textures/ShoppingMall/SM_ShoppingMall_openPBR_shader1_Emissive_Utility_-_sRGB_-_Texture.ubulk" 206
"C:/Unreal/Unreal Projects/Urbanization/Content/Materials/Textures/ShoppingMall/SM_ShoppingMall_openPBR_shader1_Emissive_Utility_-_sRGB_-_Texture.uasset" 207
"C:/Unreal/Unreal Projects/Urbanization/Content/Materials/Textures/ShoppingMall/SM_ShoppingMall_openPBR_shader1_Emissive_Utility_-_sRGB_-_Texture.uexp" 208
"C:/Unreal/Unreal Projects/Urbanization/Content/Materials/Textures/Factory/SM_Factory_openPBR_shader1_OcclusionRoughnessMetallic_Utility_-_Raw.ubulk" 209
"C:/Unreal/Unreal Projects/Urbanization/Content/Materials/Textures/Factory/SM_Factory_openPBR_shader1_OcclusionRoughnessMetallic_Utility_-_Raw.uasset" 210
"C:/Unreal/Unreal Projects/Urbanization/Content/Materials/Textures/Factory/SM_Factory_openPBR_shader1_OcclusionRoughnessMetallic_Utility_-_Raw.uexp" 211
"C:/Unreal/Unreal Projects/Urbanization/Content/Materials/Textures/Factory/SM_Factory_openPBR_shader1_Normal_Utility_-_Raw.ubulk" 212
"C:/Unreal/Unreal Projects/Urbanization/Content/Materials/Textures/Factory/SM_Factory_openPBR_shader1_Normal_Utility_-_Raw.uasset" 213
"C:/Unreal/Unreal Projects/Urbanization/Content/Materials/Textures/Factory/SM_Factory_openPBR_shader1_Normal_Utility_-_Raw.uexp" 214
"C:/Unreal/Unreal Projects/Urbanization/Content/Materials/Textures/Factory/SM_Factory_openPBR_shader1_BaseColor_Utility_-_sRGB_-_Texture.ubulk" 215
"C:/Unreal/Unreal Projects/Urbanization/Content/Materials/Textures/Factory/SM_Factory_openPBR_shader1_BaseColor_Utility_-_sRGB_-_Texture.uasset" 216
"C:/Unreal/Unreal Projects/Urbanization/Content/Materials/Textures/Factory/SM_Factory_openPBR_shader1_BaseColor_Utility_-_sRGB_-_Texture.uexp" 217
"C:/Unreal/Unreal Projects/Urbanization/Content/Materials/Textures/MM_BuildingEmissive.uasset" 218
"C:/Unreal/Unreal Projects/Urbanization/Content/Materials/Textures/MM_BuildingEmissive.uexp" 219
"C:/Unreal/Unreal Projects/Urbanization/Content/Materials/Textures/Skyscraper/SM_Skyscraper_openPBR_shader1_OcclusionRoughnessMetallic_Utility_-_Raw.ubulk" 220
"C:/Unreal/Unreal Projects/Urbanization/Content/Materials/Textures/Skyscraper/SM_Skyscraper_openPBR_shader1_OcclusionRoughnessMetallic_Utility_-_Raw.uasset" 221
"C:/Unreal/Unreal Projects/Urbanization/Content/Materials/Textures/Skyscraper/SM_Skyscraper_openPBR_shader1_OcclusionRoughnessMetallic_Utility_-_Raw.uexp" 222
"C:/Unreal/Unreal Projects/Urbanization/Content/Materials/Textures/Skyscraper/SM_Skyscraper_openPBR_shader1_Normal_Utility_-_Raw.ubulk" 223
"C:/Unreal/Unreal Projects/Urbanization/Content/Materials/Textures/Skyscraper/SM_Skyscraper_openPBR_shader1_Normal_Utility_-_Raw.uasset" 224
"C:/Unreal/Unreal Projects/Urbanization/Content/Materials/Textures/Skyscraper/SM_Skyscraper_openPBR_shader1_Normal_Utility_-_Raw.uexp" 225
"C:/Unreal/Unreal Projects/Urbanization/Content/Materials/Textures/Skyscraper/SM_Skyscraper_openPBR_shader1_Emissive_Utility_-_sRGB_-_Texture.ubulk" 226
"C:/Unreal/Unreal Projects/Urbanization/Content/Materials/Textures/Skyscraper/SM_Skyscraper_openPBR_shader1_Emissive_Utility_-_sRGB_-_Texture.uasset" 227
"C:/Unreal/Unreal Projects/Urbanization/Content/Materials/Textures/Skyscraper/SM_Skyscraper_openPBR_shader1_Emissive_Utility_-_sRGB_-_Texture.uexp" 228
"C:/Unreal/Unreal Projects/Urbanization/Content/Materials/Textures/Skyscraper/SM_Skyscraper_openPBR_shader1_BaseColor_Utility_-_sRGB_-_Texture.ubulk" 229
"C:/Unreal/Unreal Projects/Urbanization/Content/Materials/Textures/Skyscraper/SM_Skyscraper_openPBR_shader1_BaseColor_Utility_-_sRGB_-_Texture.uasset" 230
"C:/Unreal/Unreal Projects/Urbanization/Content/Materials/Textures/Skyscraper/SM_Skyscraper_openPBR_shader1_BaseColor_Utility_-_sRGB_-_Texture.uexp" 231
"C:/Unreal/Unreal Projects/Urbanization/Content/Materials/Textures/Skyscraper/MI_Skyscraper.uasset" 232
"C:/Unreal/Unreal Projects/Urbanization/Content/Materials/Textures/Skyscraper/MI_Skyscraper.uexp" 233
"C:/Unreal/Unreal Projects/Urbanization/Content/Meshes/SM_Skyscraper.ubulk" 234
"C:/Unreal/Unreal Projects/Urbanization/Content/Meshes/SM_Skyscraper.uasset" 235
"C:/Unreal/Unreal Projects/Urbanization/Content/Meshes/SM_Skyscraper.uexp" 236
"C:/Unreal/Unreal Projects/Urbanization/Content/Buildings/BP_Skyscraper.uasset" 237
"C:/Unreal/Unreal Projects/Urbanization/Content/Buildings/BP_Skyscraper.uexp" 238
"C:/Unreal/Unreal Projects/Urbanization/Content/Buildings/Upgrades/BP_ManufacturingPlantUpgrade.uasset" 239
"C:/Unreal/Unreal Projects/Urbanization/Content/Buildings/Upgrades/BP_ManufacturingPlantUpgrade.uexp" 240
"C:/Unreal/Unreal Projects/Urbanization/Content/Materials/Textures/MM_Building.uasset" 241
"C:/Unreal/Unreal Projects/Urbanization/Content/Materials/Textures/MM_Building.uexp" 242
"C:/Unreal/Unreal Projects/Urbanization/Content/Materials/Textures/ManufacturingPlant/SM_ManufacturingPlant_openPBR_shader1_OcclusionRoughnessMetallic_Utility_-_Raw.ubulk" 243
"C:/Unreal/Unreal Projects/Urbanization/Content/Materials/Textures/ManufacturingPlant/SM_ManufacturingPlant_openPBR_shader1_OcclusionRoughnessMetallic_Utility_-_Raw.uasset" 244
"C:/Unreal/Unreal Projects/Urbanization/Content/Materials/Textures/ManufacturingPlant/SM_ManufacturingPlant_openPBR_shader1_OcclusionRoughnessMetallic_Utility_-_Raw.uexp" 245
"C:/Unreal/Unreal Projects/Urbanization/Content/Materials/Textures/ManufacturingPlant/SM_ManufacturingPlant_openPBR_shader1_Normal_Utility_-_Raw.ubulk" 246
"C:/Unreal/Unreal Projects/Urbanization/Content/Materials/Textures/ManufacturingPlant/SM_ManufacturingPlant_openPBR_shader1_Normal_Utility_-_Raw.uasset" 247
"C:/Unreal/Unreal Projects/Urbanization/Content/Materials/Textures/ManufacturingPlant/SM_ManufacturingPlant_openPBR_shader1_Normal_Utility_-_Raw.uexp" 248
"C:/Unreal/Unreal Projects/Urbanization/Content/Materials/Textures/ManufacturingPlant/SM_ManufacturingPlant_openPBR_shader1_BaseColor_Utility_-_sRGB_-_Texture.ubulk" 249
"C:/Unreal/Unreal Projects/Urbanization/Content/Materials/Textures/ManufacturingPlant/SM_ManufacturingPlant_openPBR_shader1_BaseColor_Utility_-_sRGB_-_Texture.uasset" 250
"C:/Unreal/Unreal Projects/Urbanization/Content/Materials/Textures/ManufacturingPlant/SM_ManufacturingPlant_openPBR_shader1_BaseColor_Utility_-_sRGB_-_Texture.uexp" 251
"C:/Unreal/Unreal Projects/Urbanization/Content/Materials/Textures/ManufacturingPlant/MI_ManufacturingPlant.uasset" 252
"C:/Unreal/Unreal Projects/Urbanization/Content/Materials/Textures/ManufacturingPlant/MI_ManufacturingPlant.uexp" 253
"C:/Unreal/Unreal Projects/Urbanization/Content/Meshes/SM_ManufacturingPlant.ubulk" 254
"C:/Unreal/Unreal Projects/Urbanization/Content/Meshes/SM_ManufacturingPlant.uasset" 255
"C:/Unreal/Unreal Projects/Urbanization/Content/Meshes/SM_ManufacturingPlant.uexp" 256
"C:/Unreal/Unreal Projects/Urbanization/Content/ParticleEffects/Clouds.ubulk" 257
"C:/Unreal/Unreal Projects/Urbanization/Content/ParticleEffects/Clouds.uasset" 258
"C:/Unreal/Unreal Projects/Urbanization/Content/ParticleEffects/Clouds.uexp" 259
"C:/Unreal/Unreal Projects/Urbanization/Content/ParticleEffects/M_CloudParticle.uasset" 260
"C:/Unreal/Unreal Projects/Urbanization/Content/ParticleEffects/M_CloudParticle.uexp" 261
"C:/Unreal/Unreal Projects/Urbanization/Content/ParticleEffects/FX_SmokeStack.uasset" 262
"C:/Unreal/Unreal Projects/Urbanization/Content/ParticleEffects/FX_SmokeStack.uexp" 263
"C:/Unreal/Unreal Projects/Urbanization/Content/Buildings/BP_ManufacturingPlant.uasset" 264
"C:/Unreal/Unreal Projects/Urbanization/Content/Buildings/BP_ManufacturingPlant.uexp" 265
"C:/Unreal/Unreal Projects/Urbanization/Content/Buildings/Upgrades/BP_WarehouseUpgrade.uasset" 266
"C:/Unreal/Unreal Projects/Urbanization/Content/Buildings/Upgrades/BP_WarehouseUpgrade.uexp" 267
"C:/Unreal/Unreal Projects/Urbanization/Content/Materials/Textures/Warehouse/SM_Warehouse_openPBR_shader1_OcclusionRoughnessMetallic_Utility_-_Raw.ubulk" 268
"C:/Unreal/Unreal Projects/Urbanization/Content/Materials/Textures/Warehouse/SM_Warehouse_openPBR_shader1_OcclusionRoughnessMetallic_Utility_-_Raw.uasset" 269
"C:/Unreal/Unreal Projects/Urbanization/Content/Materials/Textures/Warehouse/SM_Warehouse_openPBR_shader1_OcclusionRoughnessMetallic_Utility_-_Raw.uexp" 270
"C:/Unreal/Unreal Projects/Urbanization/Content/Materials/Textures/Warehouse/SM_Warehouse_openPBR_shader1_Normal_Utility_-_Raw.ubulk" 271
"C:/Unreal/Unreal Projects/Urbanization/Content/Materials/Textures/Warehouse/SM_Warehouse_openPBR_shader1_Normal_Utility_-_Raw.uasset" 272
"C:/Unreal/Unreal Projects/Urbanization/Content/Materials/Textures/Warehouse/SM_Warehouse_openPBR_shader1_Normal_Utility_-_Raw.uexp" 273
"C:/Unreal/Unreal Projects/Urbanization/Content/Materials/Textures/Warehouse/SM_Warehouse_openPBR_shader1_BaseColor_Utility_-_sRGB_-_Texture.ubulk" 274
"C:/Unreal/Unreal Projects/Urbanization/Content/Materials/Textures/Warehouse/SM_Warehouse_openPBR_shader1_BaseColor_Utility_-_sRGB_-_Texture.uasset" 275
"C:/Unreal/Unreal Projects/Urbanization/Content/Materials/Textures/Warehouse/SM_Warehouse_openPBR_shader1_BaseColor_Utility_-_sRGB_-_Texture.uexp" 276
"C:/Unreal/Unreal Projects/Urbanization/Content/Materials/Textures/Warehouse/MI_Warehouse.uasset" 277
"C:/Unreal/Unreal Projects/Urbanization/Content/Materials/Textures/Warehouse/MI_Warehouse.uexp" 278
"C:/Unreal/Unreal Projects/Urbanization/Content/Meshes/SM_Warehouse.ubulk" 279
"C:/Unreal/Unreal Projects/Urbanization/Content/Meshes/SM_Warehouse.uasset" 280
"C:/Unreal/Unreal Projects/Urbanization/Content/Meshes/SM_Warehouse.uexp" 281
"C:/Unreal/Unreal Projects/Urbanization/Content/Buildings/BP_Warehouse.uasset" 282
"C:/Unreal/Unreal Projects/Urbanization/Content/Buildings/BP_Warehouse.uexp" 283
"C:/Unreal/Unreal Projects/Urbanization/Content/Buildings/Upgrades/BP_FactoryUpgrade.uasset" 284
"C:/Unreal/Unreal Projects/Urbanization/Content/Buildings/Upgrades/BP_FactoryUpgrade.uexp" 285
"C:/Unreal/Unreal Projects/Urbanization/Content/Materials/Textures/Factory/MI_Factory.uasset" 286
"C:/Unreal/Unreal Projects/Urbanization/Content/Materials/Textures/Factory/MI_Factory.uexp" 287
"C:/Unreal/Unreal Projects/Urbanization/Content/Meshes/SM_Factory.ubulk" 288
"C:/Unreal/Unreal Projects/Urbanization/Content/Meshes/SM_Factory.uasset" 289
"C:/Unreal/Unreal Projects/Urbanization/Content/Meshes/SM_Factory.uexp" 290
"C:/Unreal/Unreal Projects/Urbanization/Content/Buildings/BP_Factory.uasset" 291
"C:/Unreal/Unreal Projects/Urbanization/Content/Buildings/BP_Factory.uexp" 292
"C:/Unreal/Unreal Projects/Urbanization/Content/Buildings/Upgrades/Icons/Shopping_Mall.uasset" 293
"C:/Unreal/Unreal Projects/Urbanization/Content/Buildings/Upgrades/Icons/Shopping_Mall.uexp" 294
"C:/Unreal/Unreal Projects/Urbanization/Content/Buildings/Upgrades/BP_TownhouseUpgrade.uasset" 295
"C:/Unreal/Unreal Projects/Urbanization/Content/Buildings/Upgrades/BP_TownhouseUpgrade.uexp" 296
"C:/Unreal/Unreal Projects/Urbanization/Content/Materials/Textures/Townhouse/SM_Townhouse_openPBR_shader1_OcclusionRoughnessMetallic_Utility_-_Raw.ubulk" 297
"C:/Unreal/Unreal Projects/Urbanization/Content/Materials/Textures/Townhouse/SM_Townhouse_openPBR_shader1_OcclusionRoughnessMetallic_Utility_-_Raw.uasset" 298
"C:/Unreal/Unreal Projects/Urbanization/Content/Materials/Textures/Townhouse/SM_Townhouse_openPBR_shader1_OcclusionRoughnessMetallic_Utility_-_Raw.uexp" 299
"C:/Unreal/Unreal Projects/Urbanization/Content/Materials/Textures/Townhouse/SM_Townhouse_openPBR_shader1_Normal_Utility_-_Raw.ubulk" 300
"C:/Unreal/Unreal Projects/Urbanization/Content/Materials/Textures/Townhouse/SM_Townhouse_openPBR_shader1_Normal_Utility_-_Raw.uasset" 301
"C:/Unreal/Unreal Projects/Urbanization/Content/Materials/Textures/Townhouse/SM_Townhouse_openPBR_shader1_Normal_Utility_-_Raw.uexp" 302
"C:/Unreal/Unreal Projects/Urbanization/Content/Materials/Textures/Townhouse/SM_Townhouse_openPBR_shader1_BaseColor_Utility_-_sRGB_-_Texture.ubulk" 303
"C:/Unreal/Unreal Projects/Urbanization/Content/Materials/Textures/Townhouse/SM_Townhouse_openPBR_shader1_BaseColor_Utility_-_sRGB_-_Texture.uasset" 304
"C:/Unreal/Unreal Projects/Urbanization/Content/Materials/Textures/Townhouse/SM_Townhouse_openPBR_shader1_BaseColor_Utility_-_sRGB_-_Texture.uexp" 305
"C:/Unreal/Unreal Projects/Urbanization/Content/Materials/Textures/Townhouse/MI_Townhouse.uasset" 306
"C:/Unreal/Unreal Projects/Urbanization/Content/Materials/Textures/Townhouse/MI_Townhouse.uexp" 307
"C:/Unreal/Unreal Projects/Urbanization/Content/Meshes/SM_Townhouse.ubulk" 308
"C:/Unreal/Unreal Projects/Urbanization/Content/Meshes/SM_Townhouse.uasset" 309
"C:/Unreal/Unreal Projects/Urbanization/Content/Meshes/SM_Townhouse.uexp" 310
"C:/Unreal/Unreal Projects/Urbanization/Content/Buildings/BP_Townhouse.uasset" 311
"C:/Unreal/Unreal Projects/Urbanization/Content/Buildings/BP_Townhouse.uexp" 312
"C:/Unreal/Unreal Projects/Urbanization/Content/Buildings/Upgrades/BP_SchoolUpgrade.uasset" 313
"C:/Unreal/Unreal Projects/Urbanization/Content/Buildings/Upgrades/BP_SchoolUpgrade.uexp" 314
"C:/Unreal/Unreal Projects/Urbanization/Content/Materials/Textures/School/SM_School_openPBR_shader1_OcclusionRoughnessMetallic_Utility_-_Raw.ubulk" 315
"C:/Unreal/Unreal Projects/Urbanization/Content/Materials/Textures/School/SM_School_openPBR_shader1_OcclusionRoughnessMetallic_Utility_-_Raw.uasset" 316
"C:/Unreal/Unreal Projects/Urbanization/Content/Materials/Textures/School/SM_School_openPBR_shader1_OcclusionRoughnessMetallic_Utility_-_Raw.uexp" 317
"C:/Unreal/Unreal Projects/Urbanization/Content/Materials/Textures/School/SM_School_openPBR_shader1_Normal_Utility_-_Raw.ubulk" 318
"C:/Unreal/Unreal Projects/Urbanization/Content/Materials/Textures/School/SM_School_openPBR_shader1_Normal_Utility_-_Raw.uasset" 319
"C:/Unreal/Unreal Projects/Urbanization/Content/Materials/Textures/School/SM_School_openPBR_shader1_Normal_Utility_-_Raw.uexp" 320
"C:/Unreal/Unreal Projects/Urbanization/Content/Materials/Textures/School/SM_School_openPBR_shader1_BaseColor_Utility_-_sRGB_-_Texture.ubulk" 321
"C:/Unreal/Unreal Projects/Urbanization/Content/Materials/Textures/School/SM_School_openPBR_shader1_BaseColor_Utility_-_sRGB_-_Texture.uasset" 322
"C:/Unreal/Unreal Projects/Urbanization/Content/Materials/Textures/School/SM_School_openPBR_shader1_BaseColor_Utility_-_sRGB_-_Texture.uexp" 323
"C:/Unreal/Unreal Projects/Urbanization/Content/Materials/Textures/School/MI_School.uasset" 324
"C:/Unreal/Unreal Projects/Urbanization/Content/Materials/Textures/School/MI_School.uexp" 325
"C:/Unreal/Unreal Projects/Urbanization/Content/Meshes/SM_School.ubulk" 326
"C:/Unreal/Unreal Projects/Urbanization/Content/Meshes/SM_School.uasset" 327
"C:/Unreal/Unreal Projects/Urbanization/Content/Meshes/SM_School.uexp" 328
"C:/Unreal/Unreal Projects/Urbanization/Content/Buildings/BP_School.uasset" 329
"C:/Unreal/Unreal Projects/Urbanization/Content/Buildings/BP_School.uexp" 330
"C:/Unreal/Unreal Projects/Urbanization/Content/Buildings/Upgrades/BP_ApartmentUpgrade.uasset" 331
"C:/Unreal/Unreal Projects/Urbanization/Content/Buildings/Upgrades/BP_ApartmentUpgrade.uexp" 332
"C:/Unreal/Unreal Projects/Urbanization/Content/Materials/Textures/Apartment/SM_Apartment_openPBR_shader1_OcclusionRoughnessMetallic_Utility_-_Raw.ubulk" 333
"C:/Unreal/Unreal Projects/Urbanization/Content/Materials/Textures/Apartment/SM_Apartment_openPBR_shader1_OcclusionRoughnessMetallic_Utility_-_Raw.uasset" 334
"C:/Unreal/Unreal Projects/Urbanization/Content/Materials/Textures/Apartment/SM_Apartment_openPBR_shader1_OcclusionRoughnessMetallic_Utility_-_Raw.uexp" 335
"C:/Unreal/Unreal Projects/Urbanization/Content/Materials/Textures/Apartment/SM_Apartment_openPBR_shader1_Normal_Utility_-_Raw.ubulk" 336
"C:/Unreal/Unreal Projects/Urbanization/Content/Materials/Textures/Apartment/SM_Apartment_openPBR_shader1_Normal_Utility_-_Raw.uasset" 337
"C:/Unreal/Unreal Projects/Urbanization/Content/Materials/Textures/Apartment/SM_Apartment_openPBR_shader1_Normal_Utility_-_Raw.uexp" 338
"C:/Unreal/Unreal Projects/Urbanization/Content/Materials/Textures/Apartment/SM_Apartment_openPBR_shader1_BaseColor_Utility_-_sRGB_-_Texture.ubulk" 339
"C:/Unreal/Unreal Projects/Urbanization/Content/Materials/Textures/Apartment/SM_Apartment_openPBR_shader1_BaseColor_Utility_-_sRGB_-_Texture.uasset" 340
"C:/Unreal/Unreal Projects/Urbanization/Content/Materials/Textures/Apartment/SM_Apartment_openPBR_shader1_BaseColor_Utility_-_sRGB_-_Texture.uexp" 341
"C:/Unreal/Unreal Projects/Urbanization/Content/Materials/Textures/Apartment/MI_Apartment.uasset" 342
"C:/Unreal/Unreal Projects/Urbanization/Content/Materials/Textures/Apartment/MI_Apartment.uexp" 343
"C:/Unreal/Unreal Projects/Urbanization/Content/Meshes/SM_Apartment.ubulk" 344
"C:/Unreal/Unreal Projects/Urbanization/Content/Meshes/SM_Apartment.uasset" 345
"C:/Unreal/Unreal Projects/Urbanization/Content/Meshes/SM_Apartment.uexp" 346
"C:/Unreal/Unreal Projects/Urbanization/Content/Buildings/BP_Apartment.uasset" 347
"C:/Unreal/Unreal Projects/Urbanization/Content/Buildings/BP_Apartment.uexp" 348
"C:/Unreal/Unreal Projects/Urbanization/Content/Buildings/Upgrades/BP_ShoppingMallUpgrade.uasset" 349
"C:/Unreal/Unreal Projects/Urbanization/Content/Buildings/Upgrades/BP_ShoppingMallUpgrade.uexp" 350
"C:/Unreal/Unreal Projects/Urbanization/Content/Materials/Textures/ShoppingMall/SM_ShoppingMall_openPBR_shader1_OcclusionRoughnessMetallic_Utility_-_Raw.ubulk" 351
"C:/Unreal/Unreal Projects/Urbanization/Content/Materials/Textures/ShoppingMall/SM_ShoppingMall_openPBR_shader1_OcclusionRoughnessMetallic_Utility_-_Raw.uasset" 352
"C:/Unreal/Unreal Projects/Urbanization/Content/Materials/Textures/ShoppingMall/SM_ShoppingMall_openPBR_shader1_OcclusionRoughnessMetallic_Utility_-_Raw.uexp" 353
"C:/Unreal/Unreal Projects/Urbanization/Content/Materials/Textures/ShoppingMall/SM_ShoppingMall_openPBR_shader1_Normal_Utility_-_Raw.ubulk" 354
"C:/Unreal/Unreal Projects/Urbanization/Content/Materials/Textures/ShoppingMall/SM_ShoppingMall_openPBR_shader1_Normal_Utility_-_Raw.uasset" 355
"C:/Unreal/Unreal Projects/Urbanization/Content/Materials/Textures/ShoppingMall/SM_ShoppingMall_openPBR_shader1_Normal_Utility_-_Raw.uexp" 356
"C:/Unreal/Unreal Projects/Urbanization/Content/Materials/Textures/ShoppingMall/SM_ShoppingMall_openPBR_shader1_BaseColor_Utility_-_sRGB_-_Texture.ubulk" 357
"C:/Unreal/Unreal Projects/Urbanization/Content/Materials/Textures/ShoppingMall/SM_ShoppingMall_openPBR_shader1_BaseColor_Utility_-_sRGB_-_Texture.uasset" 358
"C:/Unreal/Unreal Projects/Urbanization/Content/Materials/Textures/ShoppingMall/SM_ShoppingMall_openPBR_shader1_BaseColor_Utility_-_sRGB_-_Texture.uexp" 359
"C:/Unreal/Unreal Projects/Urbanization/Content/Materials/Textures/ShoppingMall/MI_ShoppingMall.uasset" 360
"C:/Unreal/Unreal Projects/Urbanization/Content/Materials/Textures/ShoppingMall/MI_ShoppingMall.uexp" 361
"C:/Unreal/Unreal Projects/Urbanization/Content/Meshes/SM_ShoppingMall.ubulk" 362
"C:/Unreal/Unreal Projects/Urbanization/Content/Meshes/SM_ShoppingMall.uasset" 363
"C:/Unreal/Unreal Projects/Urbanization/Content/Meshes/SM_ShoppingMall.uexp" 364
"C:/Unreal/Unreal Projects/Urbanization/Content/Buildings/BP_ShoppingMall.uasset" 365
"C:/Unreal/Unreal Projects/Urbanization/Content/Buildings/BP_ShoppingMall.uexp" 366
"C:/Unreal/Unreal Projects/Urbanization/Content/UI/WBP_WinScreen.uasset" 367
"C:/Unreal/Unreal Projects/Urbanization/Content/UI/WBP_WinScreen.uexp" 368
"C:/Unreal/Unreal Projects/Urbanization/Content/UI/Fonts/Quantico-Regular.uexp" 369
"C:/Unreal/Unreal Projects/Urbanization/Content/UI/Fonts/Quantico-Regular.uasset" 370
"C:/Unreal/Unreal Projects/Urbanization/Content/UI/Fonts/Quantico-Regular.ufont" 371
"C:/Unreal/Unreal Projects/Urbanization/Content/UI/Fonts/Quantico-Regular_Font.uasset" 372
"C:/Unreal/Unreal Projects/Urbanization/Content/UI/Fonts/Quantico-Regular_Font.uexp" 373
"C:/Unreal/Unreal Projects/Urbanization/Content/UI/WBP_UpgradeScreen.uasset" 374
"C:/Unreal/Unreal Projects/Urbanization/Content/UI/WBP_UpgradeScreen.uexp" 375
"C:/Unreal/Unreal Projects/Urbanization/Content/UI/WBP_LoseScreen.uasset" 376
"C:/Unreal/Unreal Projects/Urbanization/Content/UI/WBP_LoseScreen.uexp" 377
"C:/Unreal/Unreal Projects/Urbanization/Content/UI/Images/sunVector.uasset" 378
"C:/Unreal/Unreal Projects/Urbanization/Content/UI/Images/sunVector.uexp" 379
"C:/Unreal/Unreal Projects/Urbanization/Content/UI/Images/personBlue.ubulk" 380
"C:/Unreal/Unreal Projects/Urbanization/Content/UI/Images/personBlue.uasset" 381
"C:/Unreal/Unreal Projects/Urbanization/Content/UI/Images/personBlue.uexp" 382
"C:/Unreal/Unreal Projects/Urbanization/Content/UI/Images/moon-clipart-lg__1_.uasset" 383
"C:/Unreal/Unreal Projects/Urbanization/Content/UI/Images/moon-clipart-lg__1_.uexp" 384
"C:/Unreal/Unreal Projects/Urbanization/Content/UI/Images/294355.uasset" 385
"C:/Unreal/Unreal Projects/Urbanization/Content/UI/Images/294355.uexp" 386
"C:/Unreal/Unreal Projects/Urbanization/Content/System/BP_PlayerController.uasset" 387
"C:/Unreal/Unreal Projects/Urbanization/Content/System/BP_PlayerController.uexp" 388
"C:/Unreal/Unreal Projects/Urbanization/Content/SFX/342200__christopherderp__videogame-menu-button-click.ubulk" 389
"C:/Unreal/Unreal Projects/Urbanization/Content/SFX/342200__christopherderp__videogame-menu-button-click.uasset" 390
"C:/Unreal/Unreal Projects/Urbanization/Content/SFX/342200__christopherderp__videogame-menu-button-click.uexp" 391
"C:/Unreal/Unreal Projects/Urbanization/Content/SFX/Click_Cue.uasset" 392
"C:/Unreal/Unreal Projects/Urbanization/Content/SFX/Click_Cue.uexp" 393
"C:/Unreal/Unreal Projects/Urbanization/Content/UI/WBP_ToolTip.uasset" 394
"C:/Unreal/Unreal Projects/Urbanization/Content/UI/WBP_ToolTip.uexp" 395
"C:/Unreal/Unreal Projects/Urbanization/Content/UI/WBP_BuildingMenu.uasset" 396
"C:/Unreal/Unreal Projects/Urbanization/Content/UI/WBP_BuildingMenu.uexp" 397
"C:/Unreal/Unreal Projects/Urbanization/Content/SFX/73581__benboncan__sad-trombone.ubulk" 398
"C:/Unreal/Unreal Projects/Urbanization/Content/SFX/73581__benboncan__sad-trombone.uasset" 399
"C:/Unreal/Unreal Projects/Urbanization/Content/SFX/73581__benboncan__sad-trombone.uexp" 400
"C:/Unreal/Unreal Projects/Urbanization/Content/UI/WBP_Resources.uasset" 401
"C:/Unreal/Unreal Projects/Urbanization/Content/UI/WBP_Resources.uexp" 402
"C:/Unreal/Unreal Projects/Urbanization/Content/UI/WBP_Menu.uasset" 403
"C:/Unreal/Unreal Projects/Urbanization/Content/UI/WBP_Menu.uexp" 404
"C:/Unreal/Unreal Projects/Urbanization/Content/System/Input/IA_SellToggle.uasset" 405
"C:/Unreal/Unreal Projects/Urbanization/Content/System/Input/IA_SellToggle.uexp" 406
"C:/Unreal/Unreal Projects/Urbanization/Content/System/Input/IA_Pause.uasset" 407
"C:/Unreal/Unreal Projects/Urbanization/Content/System/Input/IA_Pause.uexp" 408
"C:/Unreal/Unreal Projects/Urbanization/Content/System/Input/IA_Move.uasset" 409
"C:/Unreal/Unreal Projects/Urbanization/Content/System/Input/IA_Move.uexp" 410
"C:/Unreal/Unreal Projects/Urbanization/Content/System/Input/IA_Click.uasset" 411
"C:/Unreal/Unreal Projects/Urbanization/Content/System/Input/IA_Click.uexp" 412
"C:/Unreal/Unreal Projects/Urbanization/Content/System/Input/IA_1.uasset" 413
"C:/Unreal/Unreal Projects/Urbanization/Content/System/Input/IA_1.uexp" 414
"C:/Unreal/Unreal Projects/Urbanization/Content/System/Input/IA_2.uasset" 415
"C:/Unreal/Unreal Projects/Urbanization/Content/System/Input/IA_2.uexp" 416
"C:/Unreal/Unreal Projects/Urbanization/Content/System/Input/IA_3.uasset" 417
"C:/Unreal/Unreal Projects/Urbanization/Content/System/Input/IA_3.uexp" 418
"C:/Unreal/Unreal Projects/Urbanization/Content/System/Input/IA_4.uasset" 419
"C:/Unreal/Unreal Projects/Urbanization/Content/System/Input/IA_4.uexp" 420
"C:/Unreal/Unreal Projects/Urbanization/Content/System/Input/IA_5.uasset" 421
"C:/Unreal/Unreal Projects/Urbanization/Content/System/Input/IA_5.uexp" 422
"C:/Unreal/Unreal Projects/Urbanization/Content/System/Input/IA_6.uasset" 423
"C:/Unreal/Unreal Projects/Urbanization/Content/System/Input/IA_6.uexp" 424
"C:/Unreal/Unreal Projects/Urbanization/Content/System/Input/IA_7.uasset" 425
"C:/Unreal/Unreal Projects/Urbanization/Content/System/Input/IA_7.uexp" 426
"C:/Unreal/Unreal Projects/Urbanization/Content/System/Input/IA_8.uasset" 427
"C:/Unreal/Unreal Projects/Urbanization/Content/System/Input/IA_8.uexp" 428
"C:/Unreal/Unreal Projects/Urbanization/Content/SFX/win2.ubulk" 429
"C:/Unreal/Unreal Projects/Urbanization/Content/SFX/win2.uasset" 430
"C:/Unreal/Unreal Projects/Urbanization/Content/SFX/win2.uexp" 431
"C:/Unreal/Unreal Projects/Urbanization/Content/System/Input/IA_Scroll.uasset" 432
"C:/Unreal/Unreal Projects/Urbanization/Content/System/Input/IA_Scroll.uexp" 433
"C:/Unreal/Unreal Projects/Urbanization/Content/System/Input/IMC_Player.uasset" 434
"C:/Unreal/Unreal Projects/Urbanization/Content/System/Input/IMC_Player.uexp" 435
"C:/Unreal/Unreal Projects/Urbanization/Content/System/BP_PlayerPawn.uasset" 436
"C:/Unreal/Unreal Projects/Urbanization/Content/System/BP_PlayerPawn.uexp" 437
"C:/Unreal/Unreal Projects/Urbanization/Content/System/BP_UrbanizationGamemode.uasset" 438
"C:/Unreal/Unreal Projects/Urbanization/Content/System/BP_UrbanizationGamemode.uexp" 439
"../../../Engine/Plugins/Runtime/AudioWidgets/Content/Resources/ScrubHandleDown_Clamped.uasset" 440
"../../../Engine/Plugins/Runtime/AudioWidgets/Content/Resources/ScrubHandleDown_Clamped.uexp" 441
"../../../Engine/Content/EngineResources/DefaultTexture.ubulk" 442
"../../../Engine/Content/EngineResources/DefaultTexture.uasset" 443
"../../../Engine/Content/EngineResources/DefaultTexture.uexp" 444
"../../../Engine/Content/EngineMaterials/PreintegratedSkinBRDF.uasset" 445
"../../../Engine/Content/EngineMaterials/PreintegratedSkinBRDF.uexp" 446
"../../../Engine/Content/EngineMaterials/MiniFont.uasset" 447
"../../../Engine/Content/EngineMaterials/MiniFont.uexp" 448
"../../../Engine/Content/EngineMaterials/FastBlueNoise_vec2_128x128x64.uasset" 449
"../../../Engine/Content/EngineMaterials/FastBlueNoise_vec2_128x128x64.uexp" 450
"../../../Engine/Content/EngineMaterials/FastBlueNoise_scalar_128x128x8.uasset" 451
"../../../Engine/Content/EngineMaterials/FastBlueNoise_scalar_128x128x8.uexp" 452
"../../../Engine/Content/EngineMaterials/FastBlueNoise_scalar_128x128x64.uasset" 453
"../../../Engine/Content/EngineMaterials/FastBlueNoise_scalar_128x128x64.uexp" 454
"../../../Engine/Content/EngineMaterials/DefaultWhiteGrid.ubulk" 455
"../../../Engine/Content/EngineMaterials/DefaultWhiteGrid.uasset" 456
"../../../Engine/Content/EngineMaterials/DefaultWhiteGrid.uexp" 457
"../../../Engine/Content/EngineMaterials/DefaultBokeh.uasset" 458
"../../../Engine/Content/EngineMaterials/DefaultBokeh.uexp" 459
"../../../Engine/Content/EngineMaterials/DefaultBloomKernel.uasset" 460
"../../../Engine/Content/EngineMaterials/DefaultBloomKernel.uexp" 461
"../../../Engine/Content/EngineDamageTypes/DmgTypeBP_Environmental.uasset" 462
"../../../Engine/Content/EngineDamageTypes/DmgTypeBP_Environmental.uexp" 463
"../../../Engine/Content/EditorResources/S_TriggerSphere.uasset" 464
"../../../Engine/Content/EditorResources/S_TriggerSphere.uexp" 465
"../../../Engine/Content/EditorResources/S_TriggerCapsule.uasset" 466
"../../../Engine/Content/EditorResources/S_TriggerCapsule.uexp" 467
"../../../Engine/Content/EditorResources/S_TriggerBox.uasset" 468
"../../../Engine/Content/EditorResources/S_TriggerBox.uexp" 469
"../../../Engine/Content/EditorResources/S_Trigger.ubulk" 470
"../../../Engine/Content/EditorResources/S_Trigger.uasset" 471
"../../../Engine/Content/EditorResources/S_Trigger.uexp" 472
"../../../Engine/Content/EditorResources/S_Terrain.ubulk" 473
"../../../Engine/Content/EditorResources/S_Terrain.uasset" 474
"../../../Engine/Content/EditorResources/S_Terrain.uexp" 475
"../../../Engine/Content/EditorResources/S_Solver.ubulk" 476
"../../../Engine/Content/EditorResources/S_Solver.uasset" 477
"../../../Engine/Content/EditorResources/S_Solver.uexp" 478
"../../../Engine/Content/EditorResources/S_BoxReflectionCapture.uasset" 479
"../../../Engine/Content/EditorResources/S_BoxReflectionCapture.uexp" 480
"../../../Engine/Content/EditorResources/BSPVertex.uasset" 481
"../../../Engine/Content/EditorResources/BSPVertex.uexp" 482
"../../../Engine/Content/EngineMaterials/LTC/Sheen_LTC.uasset" 483
"../../../Engine/Content/EngineMaterials/LTC/Sheen_LTC.uexp" 484
"../../../Engine/Content/EngineMaterials/LTC/GGX_LTCMat.uasset" 485
"../../../Engine/Content/EngineMaterials/LTC/GGX_LTCMat.uexp" 486
"../../../Engine/Content/EngineMaterials/LTC/GGX_LTCAmp.uasset" 487
"../../../Engine/Content/EngineMaterials/LTC/GGX_LTCAmp.uexp" 488
"../../../Engine/Content/EngineMaterials/EnergyConservation/Sheen_Energy.uasset" 489
"../../../Engine/Content/EngineMaterials/EnergyConservation/Sheen_Energy.uexp" 490
"../../../Engine/Content/EngineMaterials/EnergyConservation/SheenLegacy_Energy.uasset" 491
"../../../Engine/Content/EngineMaterials/EnergyConservation/SheenLegacy_Energy.uexp" 492
"../../../Engine/Content/EngineMaterials/EnergyConservation/GGX_TransmissionEnergyArray.uasset" 493
"../../../Engine/Content/EngineMaterials/EnergyConservation/GGX_TransmissionEnergyArray.uexp" 494
"../../../Engine/Content/EngineMaterials/EnergyConservation/GGX_ReflectionEnergy.uasset" 495
"../../../Engine/Content/EngineMaterials/EnergyConservation/GGX_ReflectionEnergy.uexp" 496
"../../../Engine/Content/EngineMaterials/EnergyConservation/Diffuse_Energy.uasset" 497
"../../../Engine/Content/EngineMaterials/EnergyConservation/Diffuse_Energy.uexp" 498
"../../../Engine/Content/EditorResources/SequenceRecorder/RecordingIndicator.uasset" 499
"../../../Engine/Content/EditorResources/SequenceRecorder/RecordingIndicator.uexp" 500
"../../../Engine/Content/EditorResources/SequenceRecorder/Countdown.uasset" 501
"../../../Engine/Content/EditorResources/SequenceRecorder/Countdown.uexp" 502
"../../../Engine/Content/EditorMaterials/ParticleSystems/PSysThumbnail_OOD.ubulk" 503
"../../../Engine/Content/EditorMaterials/ParticleSystems/PSysThumbnail_OOD.uasset" 504
"../../../Engine/Content/EditorMaterials/ParticleSystems/PSysThumbnail_OOD.uexp" 505
"../../../Engine/Content/EditorMaterials/ParticleSystems/PSysThumbnail_NoImage.ubulk" 506
"../../../Engine/Content/EditorMaterials/ParticleSystems/PSysThumbnail_NoImage.uasset" 507
"../../../Engine/Content/EditorMaterials/ParticleSystems/PSysThumbnail_NoImage.uexp" 508
"../../../Engine/Content/EngineResources/FilmGrains/Marcie_Grain_v3_128_M2_000.uasset" 509
"../../../Engine/Content/EngineResources/FilmGrains/Marcie_Grain_v3_128_M2_000.uexp" 510
"../../../Engine/Content/EngineResources/Development/ZenLogo_64.uasset" 511
"../../../Engine/Content/EngineResources/Development/ZenLogo_64.uexp" 512
"../../../Engine/Content/Functions/Engine_MaterialFunctions01/Shading/PowerToRoughness.uasset" 513
"../../../Engine/Content/Functions/Engine_MaterialFunctions01/Shading/PowerToRoughness.uexp" 514
"../../../Engine/Content/Functions/Engine_MaterialFunctions01/Shading/ConvertFromDiffSpec.uasset" 515
"../../../Engine/Content/Functions/Engine_MaterialFunctions01/Shading/ConvertFromDiffSpec.uexp" 516
"../../../Engine/Content/EditorMaterials/Dataflow/DataflowTwoSidedVertexMaterial.uasset" 517
"../../../Engine/Content/EditorMaterials/Dataflow/DataflowTwoSidedVertexMaterial.uexp" 518
"../../../Engine/Content/EditorMaterials/Dataflow/DataflowVertexMaterial.uasset" 519
"../../../Engine/Content/EditorMaterials/Dataflow/DataflowVertexMaterial.uexp" 520
"../../../Engine/Content/BasicShapes/BasicShapeMaterial.uasset" 521
"../../../Engine/Content/BasicShapes/BasicShapeMaterial.uexp" 522
"../../../Engine/Content/EditorLandscapeResources/DefaultAlphaTexture.uasset" 523
"../../../Engine/Content/EditorLandscapeResources/DefaultAlphaTexture.uexp" 524
"../../../Engine/Content/EditorLandscapeResources/LandscapeDirtyMaterial.uasset" 525
"../../../Engine/Content/EditorLandscapeResources/LandscapeDirtyMaterial.uexp" 526
"../../../Engine/Content/Functions/Engine_MaterialFunctions02/Utility/BreakOutFloat2Components.uasset" 527
"../../../Engine/Content/Functions/Engine_MaterialFunctions02/Utility/BreakOutFloat2Components.uexp" 528
"../../../Engine/Content/Functions/Engine_MaterialFunctions01/Texturing/ScaleUVsByCenter.uasset" 529
"../../../Engine/Content/Functions/Engine_MaterialFunctions01/Texturing/ScaleUVsByCenter.uexp" 530
"../../../Engine/Content/Functions/Engine_MaterialFunctions02/WorldPositionOffset/LocalPosition.uasset" 531
"../../../Engine/Content/Functions/Engine_MaterialFunctions02/WorldPositionOffset/LocalPosition.uexp" 532
"../../../Engine/Content/EngineMaterials/DefaultDiffuse.ubulk" 533
"../../../Engine/Content/EngineMaterials/DefaultDiffuse.uasset" 534
"../../../Engine/Content/EngineMaterials/DefaultDiffuse.uexp" 535
"../../../Engine/Content/Functions/Engine_MaterialFunctions01/Texturing/TextureCropping.uasset" 536
"../../../Engine/Content/Functions/Engine_MaterialFunctions01/Texturing/TextureCropping.uexp" 537
"../../../Engine/Content/Functions/Engine_MaterialFunctions02/ExampleContent/DebugNumberStrip.uasset" 538
"../../../Engine/Content/Functions/Engine_MaterialFunctions02/ExampleContent/DebugNumberStrip.uexp" 539
"../../../Engine/Content/Functions/Engine_MaterialFunctions01/Debug/DebugIntValues.uasset" 540
"../../../Engine/Content/Functions/Engine_MaterialFunctions01/Debug/DebugIntValues.uexp" 541
"../../../Engine/Content/EditorLandscapeResources/LandscapeLayerUsageMaterial.uasset" 542
"../../../Engine/Content/EditorLandscapeResources/LandscapeLayerUsageMaterial.uexp" 543
"../../../Engine/Content/EditorLandscapeResources/WhiteSquareTexture.uasset" 544
"../../../Engine/Content/EditorLandscapeResources/WhiteSquareTexture.uexp" 545
"../../../Engine/Content/EditorLandscapeResources/LayerVisMaterial.uasset" 546
"../../../Engine/Content/EditorLandscapeResources/LayerVisMaterial.uexp" 547
"../../../Engine/Content/EditorMaterials/PhAT_NoCollisionMaterial.uasset" 548
"../../../Engine/Content/EditorMaterials/PhAT_NoCollisionMaterial.uexp" 549
"../../../Engine/Content/EditorMaterials/PhAT_UnselectedMaterial.uasset" 550
"../../../Engine/Content/EditorMaterials/PhAT_UnselectedMaterial.uexp" 551
"../../../Engine/Content/EditorMaterials/PreviewShadowIndicator.ubulk" 552
"../../../Engine/Content/EditorMaterials/PreviewShadowIndicator.uasset" 553
"../../../Engine/Content/EditorMaterials/PreviewShadowIndicator.uexp" 554
"../../../Engine/Content/EditorMaterials/PreviewShadowIndicatorMaterial.uasset" 555
"../../../Engine/Content/EditorMaterials/PreviewShadowIndicatorMaterial.uexp" 556
"../../../Engine/Content/EngineDebugMaterials/DebugEditorMaterial.uasset" 557
"../../../Engine/Content/EngineDebugMaterials/DebugEditorMaterial.uexp" 558
"../../../Engine/Content/EngineDebugMaterials/DebugMeshMaterial.uasset" 559
"../../../Engine/Content/EngineDebugMaterials/DebugMeshMaterial.uexp" 560
"../../../Engine/Content/EngineDebugMaterials/M_SimpleUnlitTranslucent.uasset" 561
"../../../Engine/Content/EngineDebugMaterials/M_SimpleUnlitTranslucent.uexp" 562
"../../../Engine/Content/Functions/Engine_MaterialFunctions02/Utility/CameraDirectionVector.uasset" 563
"../../../Engine/Content/Functions/Engine_MaterialFunctions02/Utility/CameraDirectionVector.uexp" 564
"../../../Engine/Content/EngineDebugMaterials/VolumeToRender.uasset" 565
"../../../Engine/Content/EngineDebugMaterials/VolumeToRender.uexp" 566
"../../../Engine/Content/EngineDebugMaterials/M_VolumeRenderSphereTracePP.uasset" 567
"../../../Engine/Content/EngineDebugMaterials/M_VolumeRenderSphereTracePP.uexp" 568
"../../../Engine/Content/EngineMaterials/DefaultDeferredDecalMaterial.uasset" 569
"../../../Engine/Content/EngineMaterials/DefaultDeferredDecalMaterial.uexp" 570
"../../../Engine/Content/EngineMaterials/DefaultLightFunctionMaterial.uasset" 571
"../../../Engine/Content/EngineMaterials/DefaultLightFunctionMaterial.uexp" 572
"../../../Engine/Content/EngineMaterials/DefaultPostProcessMaterial.uasset" 573
"../../../Engine/Content/EngineMaterials/DefaultPostProcessMaterial.uexp" 574
"../../../Engine/Content/EngineMaterials/DefaultTextMaterialOpaque.uasset" 575
"../../../Engine/Content/EngineMaterials/DefaultTextMaterialOpaque.uexp" 576
"../../../Engine/Content/EngineMaterials/DefaultWhiteGrid_Low.uasset" 577
"../../../Engine/Content/EngineMaterials/DefaultWhiteGrid_Low.uexp" 578
"../../../Engine/Content/EngineMaterials/EmissiveMeshMaterial.uasset" 579
"../../../Engine/Content/EngineMaterials/EmissiveMeshMaterial.uexp" 580
"../../../Engine/Content/EngineMaterials/BaseFlattenLinearColor.uasset" 581
"../../../Engine/Content/EngineMaterials/BaseFlattenLinearColor.uexp" 582
"../../../Engine/Content/EngineMaterials/BaseFlattenNormalMap.uasset" 583
"../../../Engine/Content/EngineMaterials/BaseFlattenNormalMap.uexp" 584
"../../../Engine/Content/EngineMaterials/BaseFlattenDiffuseMap.uasset" 585
"../../../Engine/Content/EngineMaterials/BaseFlattenDiffuseMap.uexp" 586
"../../../Engine/Content/EngineMaterials/BaseFlattenEmissiveMap.uasset" 587
"../../../Engine/Content/EngineMaterials/BaseFlattenEmissiveMap.uexp" 588
"../../../Engine/Content/EngineMaterials/BaseFlattenGrayscaleMap.uasset" 589
"../../../Engine/Content/EngineMaterials/BaseFlattenGrayscaleMap.uexp" 590
"../../../Engine/Content/Functions/Engine_MaterialFunctions02/PivotPainter2/Black_1x1_EXR_Texture.uasset" 591
"../../../Engine/Content/Functions/Engine_MaterialFunctions02/PivotPainter2/Black_1x1_EXR_Texture.uexp" 592
"../../../Engine/Content/EngineMaterials/FlattenMaterial.uasset" 593
"../../../Engine/Content/EngineMaterials/FlattenMaterial.uexp" 594
"../../../Engine/Content/EngineMaterials/BaseFlattenDiffuseMap_VT.ubulk" 595
"../../../Engine/Content/EngineMaterials/BaseFlattenDiffuseMap_VT.uasset" 596
"../../../Engine/Content/EngineMaterials/BaseFlattenDiffuseMap_VT.uexp" 597
"../../../Engine/Content/EngineMaterials/BaseFlattenEmissiveMap_VT.ubulk" 598
"../../../Engine/Content/EngineMaterials/BaseFlattenEmissiveMap_VT.uasset" 599
"../../../Engine/Content/EngineMaterials/BaseFlattenEmissiveMap_VT.uexp" 600
"../../../Engine/Content/EngineMaterials/BaseFlattenGrayscaleMap_VT.ubulk" 601
"../../../Engine/Content/EngineMaterials/BaseFlattenGrayscaleMap_VT.uasset" 602
"../../../Engine/Content/EngineMaterials/BaseFlattenGrayscaleMap_VT.uexp" 603
"../../../Engine/Content/EngineMaterials/BaseFlattenLinearColor_VT.ubulk" 604
"../../../Engine/Content/EngineMaterials/BaseFlattenLinearColor_VT.uasset" 605
"../../../Engine/Content/EngineMaterials/BaseFlattenLinearColor_VT.uexp" 606
"../../../Engine/Content/EngineMaterials/BaseFlattenNormalMap_VT.ubulk" 607
"../../../Engine/Content/EngineMaterials/BaseFlattenNormalMap_VT.uasset" 608
"../../../Engine/Content/EngineMaterials/BaseFlattenNormalMap_VT.uexp" 609
"../../../Engine/Content/EngineMaterials/Black_1x1_EXR_Texture_VT.ubulk" 610
"../../../Engine/Content/EngineMaterials/Black_1x1_EXR_Texture_VT.uasset" 611
"../../../Engine/Content/EngineMaterials/Black_1x1_EXR_Texture_VT.uexp" 612
"../../../Engine/Content/EngineMaterials/FlattenMaterial_VT.uasset" 613
"../../../Engine/Content/EngineMaterials/FlattenMaterial_VT.uexp" 614
"../../../Engine/Content/EngineMaterials/FlattenMaterial_WS_Normal_VT.uasset" 615
"../../../Engine/Content/EngineMaterials/FlattenMaterial_WS_Normal_VT.uexp" 616
"../../../Engine/Content/EngineMaterials/GizmoMaterial.uasset" 617
"../../../Engine/Content/EngineMaterials/GizmoMaterial.uexp" 618
"../../../Engine/Content/EngineMaterials/InvalidLightmapSettings.ubulk" 619
"../../../Engine/Content/EngineMaterials/InvalidLightmapSettings.uasset" 620
"../../../Engine/Content/EngineMaterials/InvalidLightmapSettings.uexp" 621
"../../../Engine/Content/EngineMaterials/M_InvalidLightmapSettings.uasset" 622
"../../../Engine/Content/EngineMaterials/M_InvalidLightmapSettings.uexp" 623
"../../../Engine/Content/EngineMaterials/NaniteHiddenSectionMaterial.uasset" 624
"../../../Engine/Content/EngineMaterials/NaniteHiddenSectionMaterial.uexp" 625
"../../../Engine/Content/Functions/Engine_MaterialFunctions02/WorldPositionOffset/CameraOffset.uasset" 626
"../../../Engine/Content/Functions/Engine_MaterialFunctions02/WorldPositionOffset/CameraOffset.uexp" 627
"../../../Engine/Content/EngineMaterials/PhAT_JointLimitMaterial.uasset" 628
"../../../Engine/Content/EngineMaterials/PhAT_JointLimitMaterial.uexp" 629
"../../../Engine/Content/EngineMaterials/DefaultCalibrationColor.uasset" 630
"../../../Engine/Content/EngineMaterials/DefaultCalibrationColor.uexp" 631
"../../../Engine/Content/EngineMaterials/PPM_DefaultCalibrationColor.uasset" 632
"../../../Engine/Content/EngineMaterials/PPM_DefaultCalibrationColor.uexp" 633
"../../../Engine/Content/EngineMaterials/DefaultCalibrationGrayscale.uasset" 634
"../../../Engine/Content/EngineMaterials/DefaultCalibrationGrayscale.uexp" 635
"../../../Engine/Content/EngineMaterials/PPM_DefaultCalibrationGrayscale.uasset" 636
"../../../Engine/Content/EngineMaterials/PPM_DefaultCalibrationGrayscale.uexp" 637
"../../../Engine/Content/EngineMaterials/RemoveSurfaceMaterial.uasset" 638
"../../../Engine/Content/EngineMaterials/RemoveSurfaceMaterial.uexp" 639
"../../../Engine/Plugins/Animation/ControlRig/Content/Controls/ControlRigGizmoMaterial.uasset" 640
"../../../Engine/Plugins/Animation/ControlRig/Content/Controls/ControlRigGizmoMaterial.uexp" 641
"../../../Engine/Plugins/Animation/ControlRig/Content/Controls/ControlRigXRayMaterial.uasset" 642
"../../../Engine/Plugins/Animation/ControlRig/Content/Controls/ControlRigXRayMaterial.uexp" 643
"../../../Engine/Content/Functions/Engine_MaterialFunctions02/Utility/VectorLength.uasset" 644
"../../../Engine/Content/Functions/Engine_MaterialFunctions02/Utility/VectorLength.uexp" 645
"../../../Engine/Content/Functions/Engine_MaterialFunctions02/Utility/BreakOutFloat3Components.uasset" 646
"../../../Engine/Content/Functions/Engine_MaterialFunctions02/Utility/BreakOutFloat3Components.uexp" 647
"../../../Engine/Content/Functions/Engine_MaterialFunctions02/WorldPositionOffset/ObjectScale.uasset" 648
"../../../Engine/Content/Functions/Engine_MaterialFunctions02/WorldPositionOffset/ObjectScale.uexp" 649
"../../../Engine/Content/Functions/Engine_MaterialFunctions02/SafeNormalize.uasset" 650
"../../../Engine/Content/Functions/Engine_MaterialFunctions02/SafeNormalize.uexp" 651
"../../../Engine/Plugins/Editor/SpeedTreeImporter/Content/SpeedTree9/UnpackInteger3.uasset" 652
"../../../Engine/Plugins/Editor/SpeedTreeImporter/Content/SpeedTree9/UnpackInteger3.uexp" 653
"../../../Engine/Plugins/Editor/SpeedTreeImporter/Content/SpeedTree9/UnpackDirection.uasset" 654
"../../../Engine/Plugins/Editor/SpeedTreeImporter/Content/SpeedTree9/UnpackDirection.uexp" 655
"../../../Engine/Plugins/Editor/SpeedTreeImporter/Content/SpeedTree9/game_wind_noise.ubulk" 656
"../../../Engine/Plugins/Editor/SpeedTreeImporter/Content/SpeedTree9/game_wind_noise.uasset" 657
"../../../Engine/Plugins/Editor/SpeedTreeImporter/Content/SpeedTree9/game_wind_noise.uexp" 658
"../../../Engine/Plugins/Editor/SpeedTreeImporter/Content/SpeedTree9/SpeedTreeWindMotion.uasset" 659
"../../../Engine/Plugins/Editor/SpeedTreeImporter/Content/SpeedTree9/SpeedTreeWindMotion.uexp" 660
"../../../Engine/Plugins/Editor/SpeedTreeImporter/Content/SpeedTree9/SpeedTreeBranchMotion.uasset" 661
"../../../Engine/Plugins/Editor/SpeedTreeImporter/Content/SpeedTree9/SpeedTreeBranchMotion.uexp" 662
"../../../Engine/Content/Functions/Engine_MaterialFunctions02/ObjectLocalBounds.uasset" 663
"../../../Engine/Content/Functions/Engine_MaterialFunctions02/ObjectLocalBounds.uexp" 664
"../../../Engine/Content/Functions/Engine_MaterialFunctions02/UVs/BoundingBoxBased_0-1_UVW.uasset" 665
"../../../Engine/Content/Functions/Engine_MaterialFunctions02/UVs/BoundingBoxBased_0-1_UVW.uexp" 666
"../../../Engine/Plugins/Editor/SpeedTreeImporter/Content/SpeedTree9/SpeedTreeWind.uasset" 667
"../../../Engine/Plugins/Editor/SpeedTreeImporter/Content/SpeedTree9/SpeedTreeWind.uexp" 668
"../../../Engine/Plugins/Editor/SpeedTreeImporter/Content/SpeedTree9/EmptyNormal.uasset" 669
"../../../Engine/Plugins/Editor/SpeedTreeImporter/Content/SpeedTree9/EmptyNormal.uexp" 670
"../../../Engine/Plugins/Editor/SpeedTreeImporter/Content/SpeedTree9/Empty.uasset" 671
"../../../Engine/Plugins/Editor/SpeedTreeImporter/Content/SpeedTree9/Empty.uexp" 672
"../../../Engine/Plugins/Editor/SpeedTreeImporter/Content/SpeedTree9/SpeedTreeBillboard.uasset" 673
"../../../Engine/Plugins/Editor/SpeedTreeImporter/Content/SpeedTree9/SpeedTreeBillboard.uexp" 674
"../../../Engine/Plugins/Editor/SpeedTreeImporter/Content/SpeedTree9/SpeedTreeBillboardMaster.uasset" 675
"../../../Engine/Plugins/Editor/SpeedTreeImporter/Content/SpeedTree9/SpeedTreeBillboardMaster.uexp" 676
"../../../Engine/Plugins/Editor/SpeedTreeImporter/Content/SpeedTree9/SpeedTreeCameraFacing.uasset" 677
"../../../Engine/Plugins/Editor/SpeedTreeImporter/Content/SpeedTree9/SpeedTreeCameraFacing.uexp" 678
"../../../Engine/Plugins/Editor/SpeedTreeImporter/Content/SpeedTree9/SpeedTreeMaster.uasset" 679
"../../../Engine/Plugins/Editor/SpeedTreeImporter/Content/SpeedTree9/SpeedTreeMaster.uexp" 680
"../../../Engine/Plugins/Interchange/Assets/Content/Functions/MX_AbsorptionVDF.uasset" 681
"../../../Engine/Plugins/Interchange/Assets/Content/Functions/MX_AbsorptionVDF.uexp" 682
"../../../Engine/Plugins/Interchange/Assets/Content/Functions/MX_AnisotropicVDF.uasset" 683
"../../../Engine/Plugins/Interchange/Assets/Content/Functions/MX_AnisotropicVDF.uexp" 684
"../../../Engine/Plugins/Interchange/Assets/Content/Functions/MX_BurleyDiffuseBSDF.uasset" 685
"../../../Engine/Plugins/Interchange/Assets/Content/Functions/MX_BurleyDiffuseBSDF.uexp" 686
"../../../Engine/Plugins/Interchange/Assets/Content/Functions/MX_ConductorBSDF.uasset" 687
"../../../Engine/Plugins/Interchange/Assets/Content/Functions/MX_ConductorBSDF.uexp" 688
"../../../Engine/Plugins/Interchange/Assets/Content/Functions/MX_ConicalEDF.uasset" 689
"../../../Engine/Plugins/Interchange/Assets/Content/Functions/MX_ConicalEDF.uexp" 690
"../../../Engine/Plugins/Interchange/Assets/Content/Functions/MX_DielectricBSDF.uasset" 691
"../../../Engine/Plugins/Interchange/Assets/Content/Functions/MX_DielectricBSDF.uexp" 692
"../../../Engine/Plugins/Interchange/Assets/Content/Functions/MX_Displacement.uasset" 693
"../../../Engine/Plugins/Interchange/Assets/Content/Functions/MX_Displacement.uexp" 694
"../../../Engine/Plugins/Interchange/Assets/Content/Functions/MX_GeneralizedSchlickBSDF.uasset" 695
"../../../Engine/Plugins/Interchange/Assets/Content/Functions/MX_GeneralizedSchlickBSDF.uexp" 696
"../../../Engine/Plugins/Interchange/Assets/Content/Functions/MX_MeasuredEDF.uasset" 697
"../../../Engine/Plugins/Interchange/Assets/Content/Functions/MX_MeasuredEDF.uexp" 698
"../../../Engine/Plugins/Interchange/Assets/Content/Functions/MF_IridescenceNoLUT.uasset" 699
"../../../Engine/Plugins/Interchange/Assets/Content/Functions/MF_IridescenceNoLUT.uexp" 700
"../../../Engine/Plugins/Interchange/Assets/Content/Functions/MX_StandardSurface.uasset" 701
"../../../Engine/Plugins/Interchange/Assets/Content/Functions/MX_StandardSurface.uexp" 702
"../../../Engine/Plugins/Interchange/Assets/Content/Functions/MX_OpenPBR_Opaque.uasset" 703
"../../../Engine/Plugins/Interchange/Assets/Content/Functions/MX_OpenPBR_Opaque.uexp" 704
"../../../Engine/Plugins/Interchange/Assets/Content/Functions/MX_TransmissionSurface.uasset" 705
"../../../Engine/Plugins/Interchange/Assets/Content/Functions/MX_TransmissionSurface.uexp" 706
"../../../Engine/Plugins/Interchange/Assets/Content/Functions/MX_OpenPBR_Translucent.uasset" 707
"../../../Engine/Plugins/Interchange/Assets/Content/Functions/MX_OpenPBR_Translucent.uexp" 708
"../../../Engine/Plugins/Interchange/Assets/Content/Functions/MX_OrenNayarBSDF.uasset" 709
"../../../Engine/Plugins/Interchange/Assets/Content/Functions/MX_OrenNayarBSDF.uexp" 710
"../../../Engine/Plugins/Interchange/Assets/Content/Functions/MX_SheenBSDF.uasset" 711
"../../../Engine/Plugins/Interchange/Assets/Content/Functions/MX_SheenBSDF.uexp" 712
"../../../Engine/Plugins/Interchange/Assets/Content/Functions/MX_SubsurfaceBSDF.uasset" 713
"../../../Engine/Plugins/Interchange/Assets/Content/Functions/MX_SubsurfaceBSDF.uexp" 714
"../../../Engine/Plugins/Interchange/Assets/Content/Functions/MX_Surface.uasset" 715
"../../../Engine/Plugins/Interchange/Assets/Content/Functions/MX_Surface.uexp" 716
"../../../Engine/Plugins/Interchange/Assets/Content/Functions/MX_SurfaceUnlit.uasset" 717
"../../../Engine/Plugins/Interchange/Assets/Content/Functions/MX_SurfaceUnlit.uexp" 718
"../../../Engine/Plugins/Interchange/Assets/Content/Functions/MX_ThinFilmBSDF.uasset" 719
"../../../Engine/Plugins/Interchange/Assets/Content/Functions/MX_ThinFilmBSDF.uexp" 720
"../../../Engine/Plugins/Interchange/Assets/Content/Functions/MX_TranslucentBSDF.uasset" 721
"../../../Engine/Plugins/Interchange/Assets/Content/Functions/MX_TranslucentBSDF.uexp" 722
"../../../Engine/Plugins/Interchange/Assets/Content/Functions/MX_UniformEDF.uasset" 723
"../../../Engine/Plugins/Interchange/Assets/Content/Functions/MX_UniformEDF.uexp" 724
"../../../Engine/Plugins/Interchange/Assets/Content/Functions/MX_UsdPreviewSurface.uasset" 725
"../../../Engine/Plugins/Interchange/Assets/Content/Functions/MX_UsdPreviewSurface.uexp" 726
"../../../Engine/Plugins/Runtime/HairStrands/Content/Materials/HairCardsDefaultMaterial.uasset" 727
"../../../Engine/Plugins/Runtime/HairStrands/Content/Materials/HairCardsDefaultMaterial.uexp" 728
"../../../Engine/Content/Functions/Engine_MaterialFunctions02/Utility/MakeFloat2.uasset" 729
"../../../Engine/Content/Functions/Engine_MaterialFunctions02/Utility/MakeFloat2.uexp" 730
"../../../Engine/Content/Functions/Engine_MaterialFunctions02/Utility/MakeFloat3.uasset" 731
"../../../Engine/Content/Functions/Engine_MaterialFunctions02/Utility/MakeFloat3.uexp" 732
"../../../Engine/Plugins/Runtime/HairStrands/Content/Materials/HairGroupColors.uasset" 733
"../../../Engine/Plugins/Runtime/HairStrands/Content/Materials/HairGroupColors.uexp" 734
"../../../Engine/Content/EngineMaterials/HairColorMap.uasset" 735
"../../../Engine/Content/EngineMaterials/HairColorMap.uexp" 736
"../../../Engine/Content/EngineMaterials/HairDebugColor.uasset" 737
"../../../Engine/Content/EngineMaterials/HairDebugColor.uexp" 738
"../../../Engine/Plugins/Runtime/HairStrands/Content/Materials/HairDebugMaterial.uasset" 739
"../../../Engine/Plugins/Runtime/HairStrands/Content/Materials/HairDebugMaterial.uexp" 740
"../../../Engine/Plugins/Runtime/HairStrands/Content/Materials/HairDefaultMaterial.uasset" 741
"../../../Engine/Plugins/Runtime/HairStrands/Content/Materials/HairDefaultMaterial.uexp" 742
"../../../Engine/Plugins/Runtime/HairStrands/Content/Materials/HairMeshesDefaultMaterial.uasset" 743
"../../../Engine/Plugins/Runtime/HairStrands/Content/Materials/HairMeshesDefaultMaterial.uexp" 744
"../../../Engine/Plugins/VirtualProduction/CameraCalibrationCore/Content/Materials/M_DefaultEvenSquare.uasset" 745
"../../../Engine/Plugins/VirtualProduction/CameraCalibrationCore/Content/Materials/M_DefaultEvenSquare.uexp" 746
"../../../Engine/Plugins/VirtualProduction/CameraCalibrationCore/Content/Materials/M_DefaultOddSquare.uasset" 747
"../../../Engine/Plugins/VirtualProduction/CameraCalibrationCore/Content/Materials/M_DefaultOddSquare.uexp" 748
"../../../Engine/Plugins/Animation/ControlRig/Content/M_Manip.uasset" 749
"../../../Engine/Plugins/Animation/ControlRig/Content/M_Manip.uexp" 750
"../../../Engine/Content/EngineMeshes/Sphere.ubulk" 751
"../../../Engine/Content/EngineMeshes/Sphere.uasset" 752
"../../../Engine/Content/EngineMeshes/Sphere.uexp" 753
"../../../Engine/Content/EngineResources/DefaultTextureCube.uasset" 754
"../../../Engine/Content/EngineResources/DefaultTextureCube.uexp" 755
"../../../Engine/Content/VREditor/TransformGizmo/Xray.uasset" 756
"../../../Engine/Content/VREditor/TransformGizmo/Xray.uexp" 757
"../../../Engine/Content/VREditor/TransformGizmo/Main.uasset" 758
"../../../Engine/Content/VREditor/TransformGizmo/Main.uexp" 759
"../../../Engine/Content/VREditor/TransformGizmo/SM_Sequencer_Node.ubulk" 760
"../../../Engine/Content/VREditor/TransformGizmo/SM_Sequencer_Node.uasset" 761
"../../../Engine/Content/VREditor/TransformGizmo/SM_Sequencer_Node.uexp" 762
"../../../Engine/Content/EngineMaterials/Substrate/GLints/AGlintTex2dArray.uasset" 763
"../../../Engine/Content/EngineMaterials/Substrate/GLints/AGlintTex2dArray.uexp" 764
"../../../Engine/Content/EngineMaterials/Substrate/Glints2/AGlintTex2dArray2.uasset" 765
"../../../Engine/Content/EngineMaterials/Substrate/Glints2/AGlintTex2dArray2.uexp" 766
"../../../Engine/Content/EngineMaterials/Substrate/Volume/SubstrateSimpleVolumeEnvLUT3D.uasset" 767
"../../../Engine/Content/EngineMaterials/Substrate/Volume/SubstrateSimpleVolumeEnvLUT3D.uexp" 768
"../../../Engine/Content/EngineMaterials/Substrate/Volume/SubstrateSimpleVolumeLUT3D.uasset" 769
"../../../Engine/Content/EngineMaterials/Substrate/Volume/SubstrateSimpleVolumeLUT3D.uexp" 770
"../../../Engine/Content/ArtTools/RenderToTexture/Meshes/S_1_Unit_Plane.ubulk" 771
"../../../Engine/Content/ArtTools/RenderToTexture/Meshes/S_1_Unit_Plane.uasset" 772
"../../../Engine/Content/ArtTools/RenderToTexture/Meshes/S_1_Unit_Plane.uexp" 773
"../../../Engine/Plugins/Interchange/Assets/Content/Utilities/New_LUT.uasset" 774
"../../../Engine/Plugins/Interchange/Assets/Content/Utilities/New_LUT.uexp" 775
"../../../Engine/Content/Functions/Engine_MaterialFunctions03/Math/RemapValueRange.uasset" 776
"../../../Engine/Content/Functions/Engine_MaterialFunctions03/Math/RemapValueRange.uexp" 777
"../../../Engine/Plugins/Interchange/Assets/Content/Functions/MF_Iridescence.uasset" 778
"../../../Engine/Plugins/Interchange/Assets/Content/Functions/MF_Iridescence.uexp" 779
"../../../Engine/Plugins/Interchange/Assets/Content/gltf/Textures/T_White_srgb.uasset" 780
"../../../Engine/Plugins/Interchange/Assets/Content/gltf/Textures/T_White_srgb.uexp" 781
"../../../Engine/Plugins/Interchange/Assets/Content/gltf/MaterialFunctions/MF_BaseColor.uasset" 782
"../../../Engine/Plugins/Interchange/Assets/Content/gltf/MaterialFunctions/MF_BaseColor.uexp" 783
"../../../Engine/Plugins/Interchange/Assets/Content/gltf/MaterialFunctions/MF_RotateV2.uasset" 784
"../../../Engine/Plugins/Interchange/Assets/Content/gltf/MaterialFunctions/MF_RotateV2.uexp" 785
"../../../Engine/Plugins/Interchange/Assets/Content/gltf/MaterialFunctions/MF_TransformUVs.uasset" 786
"../../../Engine/Plugins/Interchange/Assets/Content/gltf/MaterialFunctions/MF_TransformUVs.uexp" 787
"../../../Engine/Plugins/Interchange/Assets/Content/gltf/MaterialFunctions/MF_IOR.uasset" 788
"../../../Engine/Plugins/Interchange/Assets/Content/gltf/MaterialFunctions/MF_IOR.uexp" 789
"../../../Engine/Plugins/Interchange/Assets/Content/gltf/MaterialFunctions/MF_Iridescence.uasset" 790
"../../../Engine/Plugins/Interchange/Assets/Content/gltf/MaterialFunctions/MF_Iridescence.uexp" 791
"../../../Engine/Plugins/Interchange/Assets/Content/gltf/Textures/T_White_Linear.uasset" 792
"../../../Engine/Plugins/Interchange/Assets/Content/gltf/Textures/T_White_Linear.uexp" 793
"../../../Engine/Plugins/Interchange/Assets/Content/gltf/MaterialFunctions/MF_MetallicRoughness.uasset" 794
"../../../Engine/Plugins/Interchange/Assets/Content/gltf/MaterialFunctions/MF_MetallicRoughness.uexp" 795
"../../../Engine/Content/Functions/Engine_MaterialFunctions02/Math/Transform3x3Matrix.uasset" 796
"../../../Engine/Content/Functions/Engine_MaterialFunctions02/Math/Transform3x3Matrix.uexp" 797
"../../../Engine/Plugins/Interchange/Assets/Content/gltf/MaterialFunctions/MF_RotateNormals_TS.uasset" 798
"../../../Engine/Plugins/Interchange/Assets/Content/gltf/MaterialFunctions/MF_RotateNormals_TS.uexp" 799
"../../../Engine/Plugins/Interchange/Assets/Content/gltf/MaterialFunctions/MF_ScaleNormal.uasset" 800
"../../../Engine/Plugins/Interchange/Assets/Content/gltf/MaterialFunctions/MF_ScaleNormal.uexp" 801
"../../../Engine/Plugins/Interchange/Assets/Content/gltf/Textures/T_Generic_N.uasset" 802
"../../../Engine/Plugins/Interchange/Assets/Content/gltf/Textures/T_Generic_N.uexp" 803
"../../../Engine/Plugins/Interchange/Assets/Content/gltf/MaterialFunctions/MF_Normals.uasset" 804
"../../../Engine/Plugins/Interchange/Assets/Content/gltf/MaterialFunctions/MF_Normals.uexp" 805
"../../../Engine/Plugins/Interchange/Assets/Content/gltf/MaterialFunctions/MF_Occlusion.uasset" 806
"../../../Engine/Plugins/Interchange/Assets/Content/gltf/MaterialFunctions/MF_Occlusion.uexp" 807
"../../../Engine/Plugins/Interchange/Assets/Content/gltf/MaterialFunctions/MF_Specular.uasset" 808
"../../../Engine/Plugins/Interchange/Assets/Content/gltf/MaterialFunctions/MF_Specular.uexp" 809
"../../../Engine/Plugins/Interchange/Assets/Content/gltf/Textures/T_Anisotropy_Direction_Linear.uasset" 810
"../../../Engine/Plugins/Interchange/Assets/Content/gltf/Textures/T_Anisotropy_Direction_Linear.uexp" 811
"../../../Engine/Plugins/Interchange/Assets/Content/gltf/MaterialFunctions/MF_SpecularAnisotropy.uasset" 812
"../../../Engine/Plugins/Interchange/Assets/Content/gltf/MaterialFunctions/MF_SpecularAnisotropy.uexp" 813
"../../../Engine/Plugins/Interchange/Assets/Content/gltf/MaterialFunctions/MF_Emissive.uasset" 814
"../../../Engine/Plugins/Interchange/Assets/Content/gltf/MaterialFunctions/MF_Emissive.uexp" 815
"../../../Engine/Content/Functions/Engine_MaterialFunctions01/Texturing/FlattenNormal.uasset" 816
"../../../Engine/Content/Functions/Engine_MaterialFunctions01/Texturing/FlattenNormal.uexp" 817
"../../../Engine/Plugins/Interchange/Assets/Content/gltf/MaterialFunctions/MF_Clearcoat.uasset" 818
"../../../Engine/Plugins/Interchange/Assets/Content/gltf/MaterialFunctions/MF_Clearcoat.uexp" 819
"../../../Engine/Plugins/Interchange/Assets/Content/gltf/MaterialBodies/MF_ClearCoat_Body.uasset" 820
"../../../Engine/Plugins/Interchange/Assets/Content/gltf/MaterialBodies/MF_ClearCoat_Body.uexp" 821
"../../../Engine/Plugins/Interchange/Assets/Content/gltf/M_ClearCoat.uasset" 822
"../../../Engine/Plugins/Interchange/Assets/Content/gltf/M_ClearCoat.uexp" 823
"../../../Engine/Plugins/Interchange/Assets/Content/gltf/MaterialInstances/MI_ClearCoat_Blend.uasset" 824
"../../../Engine/Plugins/Interchange/Assets/Content/gltf/MaterialInstances/MI_ClearCoat_Blend.uexp" 825
"../../../Engine/Plugins/Interchange/Assets/Content/gltf/MaterialInstances/MI_ClearCoat_Blend_DS.uasset" 826
"../../../Engine/Plugins/Interchange/Assets/Content/gltf/MaterialInstances/MI_ClearCoat_Blend_DS.uexp" 827
"../../../Engine/Plugins/Interchange/Assets/Content/gltf/MaterialInstances/MI_ClearCoat_Mask.uasset" 828
"../../../Engine/Plugins/Interchange/Assets/Content/gltf/MaterialInstances/MI_ClearCoat_Mask.uexp" 829
"../../../Engine/Plugins/Interchange/Assets/Content/gltf/MaterialInstances/MI_ClearCoat_Mask_DS.uasset" 830
"../../../Engine/Plugins/Interchange/Assets/Content/gltf/MaterialInstances/MI_ClearCoat_Mask_DS.uexp" 831
"../../../Engine/Plugins/Interchange/Assets/Content/gltf/MaterialInstances/MI_ClearCoat_Opaque.uasset" 832
"../../../Engine/Plugins/Interchange/Assets/Content/gltf/MaterialInstances/MI_ClearCoat_Opaque.uexp" 833
"../../../Engine/Plugins/Interchange/Assets/Content/gltf/MaterialInstances/MI_ClearCoat_Opaque_DS.uasset" 834
"../../../Engine/Plugins/Interchange/Assets/Content/gltf/MaterialInstances/MI_ClearCoat_Opaque_DS.uexp" 835
"../../../Engine/Plugins/Interchange/Assets/Content/gltf/MaterialBodies/MF_Default_Body.uasset" 836
"../../../Engine/Plugins/Interchange/Assets/Content/gltf/MaterialBodies/MF_Default_Body.uexp" 837
"../../../Engine/Plugins/Interchange/Assets/Content/gltf/M_Default.uasset" 838
"../../../Engine/Plugins/Interchange/Assets/Content/gltf/M_Default.uexp" 839
"../../../Engine/Plugins/Interchange/Assets/Content/gltf/MaterialInstances/MI_Default_Blend.uasset" 840
"../../../Engine/Plugins/Interchange/Assets/Content/gltf/MaterialInstances/MI_Default_Blend.uexp" 841
"../../../Engine/Plugins/Interchange/Assets/Content/gltf/MaterialInstances/MI_Default_Blend_DS.uasset" 842
"../../../Engine/Plugins/Interchange/Assets/Content/gltf/MaterialInstances/MI_Default_Blend_DS.uexp" 843
"../../../Engine/Plugins/Interchange/Assets/Content/gltf/MaterialInstances/MI_Default_Mask.uasset" 844
"../../../Engine/Plugins/Interchange/Assets/Content/gltf/MaterialInstances/MI_Default_Mask.uexp" 845
"../../../Engine/Plugins/Interchange/Assets/Content/gltf/MaterialInstances/MI_Default_Mask_DS.uasset" 846
"../../../Engine/Plugins/Interchange/Assets/Content/gltf/MaterialInstances/MI_Default_Mask_DS.uexp" 847
"../../../Engine/Plugins/Interchange/Assets/Content/gltf/MaterialInstances/MI_Default_Opaque.uasset" 848
"../../../Engine/Plugins/Interchange/Assets/Content/gltf/MaterialInstances/MI_Default_Opaque.uexp" 849
"../../../Engine/Plugins/Interchange/Assets/Content/gltf/MaterialInstances/MI_Default_Opaque_DS.uasset" 850
"../../../Engine/Plugins/Interchange/Assets/Content/gltf/MaterialInstances/MI_Default_Opaque_DS.uexp" 851
"../../../Engine/Plugins/Interchange/Assets/Content/gltf/MaterialFunctions/MF_Sheen.uasset" 852
"../../../Engine/Plugins/Interchange/Assets/Content/gltf/MaterialFunctions/MF_Sheen.uexp" 853
"../../../Engine/Plugins/Interchange/Assets/Content/gltf/MaterialBodies/MF_Sheen_Body.uasset" 854
"../../../Engine/Plugins/Interchange/Assets/Content/gltf/MaterialBodies/MF_Sheen_Body.uexp" 855
"../../../Engine/Plugins/Interchange/Assets/Content/gltf/M_Sheen.uasset" 856
"../../../Engine/Plugins/Interchange/Assets/Content/gltf/M_Sheen.uexp" 857
"../../../Engine/Plugins/Interchange/Assets/Content/gltf/MaterialInstances/MI_Sheen_Blend.uasset" 858
"../../../Engine/Plugins/Interchange/Assets/Content/gltf/MaterialInstances/MI_Sheen_Blend.uexp" 859
"../../../Engine/Plugins/Interchange/Assets/Content/gltf/MaterialInstances/MI_Sheen_Blend_DS.uasset" 860
"../../../Engine/Plugins/Interchange/Assets/Content/gltf/MaterialInstances/MI_Sheen_Blend_DS.uexp" 861
"../../../Engine/Plugins/Interchange/Assets/Content/gltf/MaterialInstances/MI_Sheen_Mask.uasset" 862
"../../../Engine/Plugins/Interchange/Assets/Content/gltf/MaterialInstances/MI_Sheen_Mask.uexp" 863
"../../../Engine/Plugins/Interchange/Assets/Content/gltf/MaterialInstances/MI_Sheen_Mask_DS.uasset" 864
"../../../Engine/Plugins/Interchange/Assets/Content/gltf/MaterialInstances/MI_Sheen_Mask_DS.uexp" 865
"../../../Engine/Plugins/Interchange/Assets/Content/gltf/MaterialInstances/MI_Sheen_Opaque.uasset" 866
"../../../Engine/Plugins/Interchange/Assets/Content/gltf/MaterialInstances/MI_Sheen_Opaque.uexp" 867
"../../../Engine/Plugins/Interchange/Assets/Content/gltf/MaterialInstances/MI_Sheen_Opaque_DS.uasset" 868
"../../../Engine/Plugins/Interchange/Assets/Content/gltf/MaterialInstances/MI_Sheen_Opaque_DS.uexp" 869
"../../../Engine/Content/Functions/Engine_MaterialFunctions02/Math/AddComponents.uasset" 870
"../../../Engine/Content/Functions/Engine_MaterialFunctions02/Math/AddComponents.uexp" 871
"../../../Engine/Plugins/Interchange/Assets/Content/gltf/MaterialFunctions/MF_DiffuseSpecGloss.uasset" 872
"../../../Engine/Plugins/Interchange/Assets/Content/gltf/MaterialFunctions/MF_DiffuseSpecGloss.uexp" 873
"../../../Engine/Plugins/Interchange/Assets/Content/gltf/MaterialFunctions/MF_MaxComponentValue.uasset" 874
"../../../Engine/Plugins/Interchange/Assets/Content/gltf/MaterialFunctions/MF_MaxComponentValue.uexp" 875
"../../../Engine/Plugins/Interchange/Assets/Content/gltf/MaterialFunctions/MF_PerceivedBrightness.uasset" 876
"../../../Engine/Plugins/Interchange/Assets/Content/gltf/MaterialFunctions/MF_PerceivedBrightness.uexp" 877
"../../../Engine/Plugins/Interchange/Assets/Content/gltf/MaterialFunctions/MF_SpecGlossToMetalRoughness.uasset" 878
"../../../Engine/Plugins/Interchange/Assets/Content/gltf/MaterialFunctions/MF_SpecGlossToMetalRoughness.uexp" 879
"../../../Engine/Plugins/Interchange/Assets/Content/gltf/MaterialBodies/MF_SpecularGlossiness_Body.uasset" 880
"../../../Engine/Plugins/Interchange/Assets/Content/gltf/MaterialBodies/MF_SpecularGlossiness_Body.uexp" 881
"../../../Engine/Plugins/Interchange/Assets/Content/gltf/M_SpecularGlossiness.uasset" 882
"../../../Engine/Plugins/Interchange/Assets/Content/gltf/M_SpecularGlossiness.uexp" 883
"../../../Engine/Plugins/Interchange/Assets/Content/gltf/MaterialInstances/MI_SpecularGlossiness_Blend.uasset" 884
"../../../Engine/Plugins/Interchange/Assets/Content/gltf/MaterialInstances/MI_SpecularGlossiness_Blend.uexp" 885
"../../../Engine/Plugins/Interchange/Assets/Content/gltf/MaterialInstances/MI_SpecularGlossiness_Blend_DS.uasset" 886
"../../../Engine/Plugins/Interchange/Assets/Content/gltf/MaterialInstances/MI_SpecularGlossiness_Blend_DS.uexp" 887
"../../../Engine/Plugins/Interchange/Assets/Content/gltf/MaterialInstances/MI_SpecularGlossiness_Mask.uasset" 888
"../../../Engine/Plugins/Interchange/Assets/Content/gltf/MaterialInstances/MI_SpecularGlossiness_Mask.uexp" 889
"../../../Engine/Plugins/Interchange/Assets/Content/gltf/MaterialInstances/MI_SpecularGlossiness_Mask_DS.uasset" 890
"../../../Engine/Plugins/Interchange/Assets/Content/gltf/MaterialInstances/MI_SpecularGlossiness_Mask_DS.uexp" 891
"../../../Engine/Plugins/Interchange/Assets/Content/gltf/MaterialInstances/MI_SpecularGlossiness_Opaque.uasset" 892
"../../../Engine/Plugins/Interchange/Assets/Content/gltf/MaterialInstances/MI_SpecularGlossiness_Opaque.uexp" 893
"../../../Engine/Plugins/Interchange/Assets/Content/gltf/MaterialInstances/MI_SpecularGlossiness_Opaque_DS.uasset" 894
"../../../Engine/Plugins/Interchange/Assets/Content/gltf/MaterialInstances/MI_SpecularGlossiness_Opaque_DS.uexp" 895
"../../../Engine/Content/EngineMaterials/Good64x64TilingNoiseHighFreq.uasset" 896
"../../../Engine/Content/EngineMaterials/Good64x64TilingNoiseHighFreq.uexp" 897
"../../../Engine/Content/Functions/Engine_MaterialFunctions02/Texturing/ScreenAlignedPixelToPixelUVs.uasset" 898
"../../../Engine/Content/Functions/Engine_MaterialFunctions02/Texturing/ScreenAlignedPixelToPixelUVs.uexp" 899
"../../../Engine/Plugins/Interchange/Assets/Content/gltf/MaterialFunctions/MF_Fresnel_DS.uasset" 900
"../../../Engine/Plugins/Interchange/Assets/Content/gltf/MaterialFunctions/MF_Fresnel_DS.uexp" 901
"../../../Engine/Plugins/Interchange/Assets/Content/gltf/MaterialFunctions/MF_Temporal_Blur.uasset" 902
"../../../Engine/Plugins/Interchange/Assets/Content/gltf/MaterialFunctions/MF_Temporal_Blur.uexp" 903
"../../../Engine/Plugins/Interchange/Assets/Content/gltf/MaterialFunctions/MF_Transmission.uasset" 904
"../../../Engine/Plugins/Interchange/Assets/Content/gltf/MaterialFunctions/MF_Transmission.uexp" 905
"../../../Engine/Plugins/Interchange/Assets/Content/gltf/MaterialBodies/MF_Transmission_Body.uasset" 906
"../../../Engine/Plugins/Interchange/Assets/Content/gltf/MaterialBodies/MF_Transmission_Body.uexp" 907
"../../../Engine/Plugins/Interchange/Assets/Content/gltf/M_Transmission.uasset" 908
"../../../Engine/Plugins/Interchange/Assets/Content/gltf/M_Transmission.uexp" 909
"../../../Engine/Plugins/Interchange/Assets/Content/gltf/MaterialInstances/MI_Transmission.uasset" 910
"../../../Engine/Plugins/Interchange/Assets/Content/gltf/MaterialInstances/MI_Transmission.uexp" 911
"../../../Engine/Plugins/Interchange/Assets/Content/gltf/MaterialInstances/MI_Transmission_DS.uasset" 912
"../../../Engine/Plugins/Interchange/Assets/Content/gltf/MaterialInstances/MI_Transmission_DS.uexp" 913
"../../../Engine/Plugins/Interchange/Assets/Content/gltf/MaterialBodies/MF_Unlit_Body.uasset" 914
"../../../Engine/Plugins/Interchange/Assets/Content/gltf/MaterialBodies/MF_Unlit_Body.uexp" 915
"../../../Engine/Plugins/Interchange/Assets/Content/gltf/M_Unlit.uasset" 916
"../../../Engine/Plugins/Interchange/Assets/Content/gltf/M_Unlit.uexp" 917
"../../../Engine/Plugins/Interchange/Assets/Content/gltf/MaterialInstances/MI_Unlit_Blend.uasset" 918
"../../../Engine/Plugins/Interchange/Assets/Content/gltf/MaterialInstances/MI_Unlit_Blend.uexp" 919
"../../../Engine/Plugins/Interchange/Assets/Content/gltf/MaterialInstances/MI_Unlit_Blend_DS.uasset" 920
"../../../Engine/Plugins/Interchange/Assets/Content/gltf/MaterialInstances/MI_Unlit_Blend_DS.uexp" 921
"../../../Engine/Plugins/Interchange/Assets/Content/gltf/MaterialInstances/MI_Unlit_Mask.uasset" 922
"../../../Engine/Plugins/Interchange/Assets/Content/gltf/MaterialInstances/MI_Unlit_Mask.uexp" 923
"../../../Engine/Plugins/Interchange/Assets/Content/gltf/MaterialInstances/MI_Unlit_Mask_DS.uasset" 924
"../../../Engine/Plugins/Interchange/Assets/Content/gltf/MaterialInstances/MI_Unlit_Mask_DS.uexp" 925
"../../../Engine/Plugins/Interchange/Assets/Content/gltf/MaterialInstances/MI_Unlit_Opaque.uasset" 926
"../../../Engine/Plugins/Interchange/Assets/Content/gltf/MaterialInstances/MI_Unlit_Opaque.uexp" 927
"../../../Engine/Plugins/Interchange/Assets/Content/gltf/MaterialInstances/MI_Unlit_Opaque_DS.uasset" 928
"../../../Engine/Plugins/Interchange/Assets/Content/gltf/MaterialInstances/MI_Unlit_Opaque_DS.uexp" 929
"../../../Engine/Content/VREditor/TransformGizmo/TranslucentTransformGizmoMaterial.uasset" 930
"../../../Engine/Content/VREditor/TransformGizmo/TranslucentTransformGizmoMaterial.uexp" 931
"../../../Engine/Content/VREditor/LaserPointer/VR_LaserPower_01.ubulk" 932
"../../../Engine/Content/VREditor/LaserPointer/VR_LaserPower_01.uasset" 933
"../../../Engine/Content/VREditor/LaserPointer/VR_LaserPower_01.uexp" 934
"../../../Engine/Content/VREditor/TransformGizmo/TransformGizmoMaterial.uasset" 935
"../../../Engine/Content/VREditor/TransformGizmo/TransformGizmoMaterial.uexp" 936
"../../../Engine/Content/VREditor/TransformGizmo/BoundingBoxCorner.ubulk" 937
"../../../Engine/Content/VREditor/TransformGizmo/BoundingBoxCorner.uasset" 938
"../../../Engine/Content/VREditor/TransformGizmo/BoundingBoxCorner.uexp" 939
"../../../Engine/Content/VREditor/TransformGizmo/BoundingBoxEdge.ubulk" 940
"../../../Engine/Content/VREditor/TransformGizmo/BoundingBoxEdge.uasset" 941
"../../../Engine/Content/VREditor/TransformGizmo/BoundingBoxEdge.uexp" 942
"../../../Engine/Content/EditorMaterials/Camera/CineMat.uasset" 943
"../../../Engine/Content/EditorMaterials/Camera/CineMat.uexp" 944
"../../../Engine/Content/EditorMaterials/Camera/MI_CineMat_Rig.uasset" 945
"../../../Engine/Content/EditorMaterials/Camera/MI_CineMat_Rig.uexp" 946
"../../../Engine/Content/EditorMeshes/Camera/SM_CraneRig_Arm.ubulk" 947
"../../../Engine/Content/EditorMeshes/Camera/SM_CraneRig_Arm.uasset" 948
"../../../Engine/Content/EditorMeshes/Camera/SM_CraneRig_Arm.uexp" 949
"../../../Engine/Content/EditorMeshes/Camera/SM_CraneRig_Base.ubulk" 950
"../../../Engine/Content/EditorMeshes/Camera/SM_CraneRig_Base.uasset" 951
"../../../Engine/Content/EditorMeshes/Camera/SM_CraneRig_Base.uexp" 952
"../../../Engine/Content/EditorMeshes/Camera/SM_CraneRig_Body.ubulk" 953
"../../../Engine/Content/EditorMeshes/Camera/SM_CraneRig_Body.uasset" 954
"../../../Engine/Content/EditorMeshes/Camera/SM_CraneRig_Body.uexp" 955
"../../../Engine/Content/EditorMeshes/Camera/SM_CraneRig_Mount.ubulk" 956
"../../../Engine/Content/EditorMeshes/Camera/SM_CraneRig_Mount.uasset" 957
"../../../Engine/Content/EditorMeshes/Camera/SM_CraneRig_Mount.uexp" 958
"../../../Engine/Content/EditorMeshes/Camera/SM_RailRig_Mount.ubulk" 959
"../../../Engine/Content/EditorMeshes/Camera/SM_RailRig_Mount.uasset" 960
"../../../Engine/Content/EditorMeshes/Camera/SM_RailRig_Mount.uexp" 961
"../../../Engine/Content/EditorMeshes/Camera/SM_RailRig_Track.ubulk" 962
"../../../Engine/Content/EditorMeshes/Camera/SM_RailRig_Track.uasset" 963
"../../../Engine/Content/EditorMeshes/Camera/SM_RailRig_Track.uexp" 964
"../../../Engine/Content/EngineMaterials/DefaultMaterial.uasset" 965
"../../../Engine/Content/EngineMaterials/DefaultMaterial.uexp" 966
"../../../Engine/Content/BasicShapes/Cone.ubulk" 967
"../../../Engine/Content/BasicShapes/Cone.uasset" 968
"../../../Engine/Content/BasicShapes/Cone.uexp" 969
"../../../Engine/Content/BasicShapes/Cylinder.ubulk" 970
"../../../Engine/Content/BasicShapes/Cylinder.uasset" 971
"../../../Engine/Content/BasicShapes/Cylinder.uexp" 972
"../../../Engine/Content/BasicShapes/Sphere.ubulk" 973
"../../../Engine/Content/BasicShapes/Sphere.uasset" 974
"../../../Engine/Content/BasicShapes/Sphere.uexp" 975
"../../../Engine/Content/EditorLandscapeResources/ColorMaskBrushMaterial.uasset" 976
"../../../Engine/Content/EditorLandscapeResources/ColorMaskBrushMaterial.uexp" 977
"../../../Engine/Content/EditorLandscapeResources/ColorMaskBrushMaterial_MaskedRegion.uasset" 978
"../../../Engine/Content/EditorLandscapeResources/ColorMaskBrushMaterial_MaskedRegion.uexp" 979
"../../../Engine/Content/Functions/Engine_MaterialFunctions03/Math/WithinRangeFloat2.uasset" 980
"../../../Engine/Content/Functions/Engine_MaterialFunctions03/Math/WithinRangeFloat2.uexp" 981
"../../../Engine/Content/EditorLandscapeResources/MaskBrushMaterial.uasset" 982
"../../../Engine/Content/EditorLandscapeResources/MaskBrushMaterial.uexp" 983
"../../../Engine/Content/EditorLandscapeResources/MaskBrushMaterial_MaskedRegion.uasset" 984
"../../../Engine/Content/EditorLandscapeResources/MaskBrushMaterial_MaskedRegion.uexp" 985
"../../../Engine/Content/EditorLandscapeResources/SelectBrushMaterial.uasset" 986
"../../../Engine/Content/EditorLandscapeResources/SelectBrushMaterial.uexp" 987
"../../../Engine/Content/EditorLandscapeResources/SelectBrushMaterial_Selected.uasset" 988
"../../../Engine/Content/EditorLandscapeResources/SelectBrushMaterial_Selected.uexp" 989
"../../../Engine/Content/EditorLandscapeResources/SelectBrushMaterial_SelectedRegion.uasset" 990
"../../../Engine/Content/EditorLandscapeResources/SelectBrushMaterial_SelectedRegion.uexp" 991
"../../../Engine/Content/EditorLandscapeResources/SplineEditorMeshMat.uasset" 992
"../../../Engine/Content/EditorLandscapeResources/SplineEditorMeshMat.uexp" 993
"../../../Engine/Content/EditorLandscapeResources/SplineEditorMesh.ubulk" 994
"../../../Engine/Content/EditorLandscapeResources/SplineEditorMesh.uasset" 995
"../../../Engine/Content/EditorLandscapeResources/SplineEditorMesh.uexp" 996
"../../../Engine/Content/EngineMaterials/WeightMapPlaceholderTexture.uasset" 997
"../../../Engine/Content/EngineMaterials/WeightMapPlaceholderTexture.uexp" 998
"../../../Engine/Content/EngineMaterials/WeightMapArrayPlaceholderTexture.uasset" 999
"../../../Engine/Content/EngineMaterials/WeightMapArrayPlaceholderTexture.uexp" 1000
"../../../Engine/Content/EngineResources/WhiteSquareTexture.uasset" 1001
"../../../Engine/Content/EngineResources/WhiteSquareTexture.uexp" 1002
"../../../Engine/Content/EngineMaterials/Widget3DPassThrough.uasset" 1003
"../../../Engine/Content/EngineMaterials/Widget3DPassThrough.uexp" 1004
"../../../Engine/Content/EngineMaterials/Widget3DPassThrough_Masked.uasset" 1005
"../../../Engine/Content/EngineMaterials/Widget3DPassThrough_Masked.uexp" 1006
"../../../Engine/Content/EngineMaterials/Widget3DPassThrough_Opaque.uasset" 1007
"../../../Engine/Content/EngineMaterials/Widget3DPassThrough_Opaque.uexp" 1008
"../../../Engine/Content/EngineMaterials/Widget3DPassThrough_Masked_OneSided.uasset" 1009
"../../../Engine/Content/EngineMaterials/Widget3DPassThrough_Masked_OneSided.uexp" 1010
"../../../Engine/Content/EngineMaterials/Widget3DPassThrough_Opaque_OneSided.uasset" 1011
"../../../Engine/Content/EngineMaterials/Widget3DPassThrough_Opaque_OneSided.uexp" 1012
"../../../Engine/Content/EngineMaterials/Widget3DPassThrough_Translucent.uasset" 1013
"../../../Engine/Content/EngineMaterials/Widget3DPassThrough_Translucent.uexp" 1014
"../../../Engine/Content/EngineMaterials/Widget3DPassThrough_Translucent_OneSided.uasset" 1015
"../../../Engine/Content/EngineMaterials/Widget3DPassThrough_Translucent_OneSided.uexp" 1016
"../../../Engine/Content/EngineResources/LandscapeVisibilityLayerInfo.uasset" 1017
"../../../Engine/Content/EngineResources/LandscapeVisibilityLayerInfo.uexp" 1018
"../../../Engine/Plugins/Animation/ControlRig/Content/Controls/ControlRig_Arrow2_1mm.ubulk" 1019
"../../../Engine/Plugins/Animation/ControlRig/Content/Controls/ControlRig_Arrow2_1mm.uasset" 1020
"../../../Engine/Plugins/Animation/ControlRig/Content/Controls/ControlRig_Arrow2_1mm.uexp" 1021
"../../../Engine/Plugins/Animation/ControlRig/Content/Controls/ControlRig_Arrow2_3mm.ubulk" 1022
"../../../Engine/Plugins/Animation/ControlRig/Content/Controls/ControlRig_Arrow2_3mm.uasset" 1023
"../../../Engine/Plugins/Animation/ControlRig/Content/Controls/ControlRig_Arrow2_3mm.uexp" 1024
"../../../Engine/Plugins/Animation/ControlRig/Content/Controls/ControlRig_Arrow2_solid.ubulk" 1025
"../../../Engine/Plugins/Animation/ControlRig/Content/Controls/ControlRig_Arrow2_solid.uasset" 1026
"../../../Engine/Plugins/Animation/ControlRig/Content/Controls/ControlRig_Arrow2_solid.uexp" 1027
"../../../Engine/Plugins/Animation/ControlRig/Content/Controls/ControlRig_Arrow4_1mm.ubulk" 1028
"../../../Engine/Plugins/Animation/ControlRig/Content/Controls/ControlRig_Arrow4_1mm.uasset" 1029
"../../../Engine/Plugins/Animation/ControlRig/Content/Controls/ControlRig_Arrow4_1mm.uexp" 1030
"../../../Engine/Plugins/Animation/ControlRig/Content/Controls/ControlRig_Arrow4_3mm.ubulk" 1031
"../../../Engine/Plugins/Animation/ControlRig/Content/Controls/ControlRig_Arrow4_3mm.uasset" 1032
"../../../Engine/Plugins/Animation/ControlRig/Content/Controls/ControlRig_Arrow4_3mm.uexp" 1033
"../../../Engine/Plugins/Animation/ControlRig/Content/Controls/ControlRig_Arrow4_solid.ubulk" 1034
"../../../Engine/Plugins/Animation/ControlRig/Content/Controls/ControlRig_Arrow4_solid.uasset" 1035
"../../../Engine/Plugins/Animation/ControlRig/Content/Controls/ControlRig_Arrow4_solid.uexp" 1036
"../../../Engine/Plugins/Animation/ControlRig/Content/Controls/ControlRig_Arrow_1mm.ubulk" 1037
"../../../Engine/Plugins/Animation/ControlRig/Content/Controls/ControlRig_Arrow_1mm.uasset" 1038
"../../../Engine/Plugins/Animation/ControlRig/Content/Controls/ControlRig_Arrow_1mm.uexp" 1039
"../../../Engine/Plugins/Animation/ControlRig/Content/Controls/ControlRig_Arrow_3mm.ubulk" 1040
"../../../Engine/Plugins/Animation/ControlRig/Content/Controls/ControlRig_Arrow_3mm.uasset" 1041
"../../../Engine/Plugins/Animation/ControlRig/Content/Controls/ControlRig_Arrow_3mm.uexp" 1042
"../../../Engine/Plugins/Animation/ControlRig/Content/Controls/ControlRig_Arrow_solid.ubulk" 1043
"../../../Engine/Plugins/Animation/ControlRig/Content/Controls/ControlRig_Arrow_solid.uasset" 1044
"../../../Engine/Plugins/Animation/ControlRig/Content/Controls/ControlRig_Arrow_solid.uexp" 1045
"../../../Engine/Plugins/Animation/ControlRig/Content/Controls/ControlRig_Box_1mm.ubulk" 1046
"../../../Engine/Plugins/Animation/ControlRig/Content/Controls/ControlRig_Box_1mm.uasset" 1047
"../../../Engine/Plugins/Animation/ControlRig/Content/Controls/ControlRig_Box_1mm.uexp" 1048
"../../../Engine/Plugins/Animation/ControlRig/Content/Controls/ControlRig_Box_3mm.ubulk" 1049
"../../../Engine/Plugins/Animation/ControlRig/Content/Controls/ControlRig_Box_3mm.uasset" 1050
"../../../Engine/Plugins/Animation/ControlRig/Content/Controls/ControlRig_Box_3mm.uexp" 1051
"../../../Engine/Plugins/Animation/ControlRig/Content/Controls/ControlRig_Box_solid.ubulk" 1052
"../../../Engine/Plugins/Animation/ControlRig/Content/Controls/ControlRig_Box_solid.uasset" 1053
"../../../Engine/Plugins/Animation/ControlRig/Content/Controls/ControlRig_Box_solid.uexp" 1054
"../../../Engine/Plugins/Animation/ControlRig/Content/Controls/ControlRig_Circle_1mm.ubulk" 1055
"../../../Engine/Plugins/Animation/ControlRig/Content/Controls/ControlRig_Circle_1mm.uasset" 1056
"../../../Engine/Plugins/Animation/ControlRig/Content/Controls/ControlRig_Circle_1mm.uexp" 1057
"../../../Engine/Plugins/Animation/ControlRig/Content/Controls/ControlRig_Circle_3mm.ubulk" 1058
"../../../Engine/Plugins/Animation/ControlRig/Content/Controls/ControlRig_Circle_3mm.uasset" 1059
"../../../Engine/Plugins/Animation/ControlRig/Content/Controls/ControlRig_Circle_3mm.uexp" 1060
"../../../Engine/Plugins/Animation/ControlRig/Content/Controls/ControlRig_Circle_solid.ubulk" 1061
"../../../Engine/Plugins/Animation/ControlRig/Content/Controls/ControlRig_Circle_solid.uasset" 1062
"../../../Engine/Plugins/Animation/ControlRig/Content/Controls/ControlRig_Circle_solid.uexp" 1063
"../../../Engine/Plugins/Animation/ControlRig/Content/Controls/ControlRig_Diamond_1mm.ubulk" 1064
"../../../Engine/Plugins/Animation/ControlRig/Content/Controls/ControlRig_Diamond_1mm.uasset" 1065
"../../../Engine/Plugins/Animation/ControlRig/Content/Controls/ControlRig_Diamond_1mm.uexp" 1066
"../../../Engine/Plugins/Animation/ControlRig/Content/Controls/ControlRig_Diamond_3mm.ubulk" 1067
"../../../Engine/Plugins/Animation/ControlRig/Content/Controls/ControlRig_Diamond_3mm.uasset" 1068
"../../../Engine/Plugins/Animation/ControlRig/Content/Controls/ControlRig_Diamond_3mm.uexp" 1069
"../../../Engine/Plugins/Animation/ControlRig/Content/Controls/ControlRig_Diamond_solid.ubulk" 1070
"../../../Engine/Plugins/Animation/ControlRig/Content/Controls/ControlRig_Diamond_solid.uasset" 1071
"../../../Engine/Plugins/Animation/ControlRig/Content/Controls/ControlRig_Diamond_solid.uexp" 1072
"../../../Engine/Plugins/Animation/ControlRig/Content/Controls/ControlRig_HalfCircle_1mm.ubulk" 1073
"../../../Engine/Plugins/Animation/ControlRig/Content/Controls/ControlRig_HalfCircle_1mm.uasset" 1074
"../../../Engine/Plugins/Animation/ControlRig/Content/Controls/ControlRig_HalfCircle_1mm.uexp" 1075
"../../../Engine/Plugins/Animation/ControlRig/Content/Controls/ControlRig_HalfCircle_3mm.ubulk" 1076
"../../../Engine/Plugins/Animation/ControlRig/Content/Controls/ControlRig_HalfCircle_3mm.uasset" 1077
"../../../Engine/Plugins/Animation/ControlRig/Content/Controls/ControlRig_HalfCircle_3mm.uexp" 1078
"../../../Engine/Plugins/Animation/ControlRig/Content/Controls/ControlRig_HalfCircle_solid.ubulk" 1079
"../../../Engine/Plugins/Animation/ControlRig/Content/Controls/ControlRig_HalfCircle_solid.uasset" 1080
"../../../Engine/Plugins/Animation/ControlRig/Content/Controls/ControlRig_HalfCircle_solid.uexp" 1081
"../../../Engine/Plugins/Animation/ControlRig/Content/Controls/ControlRig_Hexagon_1mm.ubulk" 1082
"../../../Engine/Plugins/Animation/ControlRig/Content/Controls/ControlRig_Hexagon_1mm.uasset" 1083
"../../../Engine/Plugins/Animation/ControlRig/Content/Controls/ControlRig_Hexagon_1mm.uexp" 1084
"../../../Engine/Plugins/Animation/ControlRig/Content/Controls/ControlRig_Hexagon_3mm.ubulk" 1085
"../../../Engine/Plugins/Animation/ControlRig/Content/Controls/ControlRig_Hexagon_3mm.uasset" 1086
"../../../Engine/Plugins/Animation/ControlRig/Content/Controls/ControlRig_Hexagon_3mm.uexp" 1087
"../../../Engine/Plugins/Animation/ControlRig/Content/Controls/ControlRig_Hexagon_solid.ubulk" 1088
"../../../Engine/Plugins/Animation/ControlRig/Content/Controls/ControlRig_Hexagon_solid.uasset" 1089
"../../../Engine/Plugins/Animation/ControlRig/Content/Controls/ControlRig_Hexagon_solid.uexp" 1090
"../../../Engine/Plugins/Animation/ControlRig/Content/Controls/ControlRig_Octagon_1mm.ubulk" 1091
"../../../Engine/Plugins/Animation/ControlRig/Content/Controls/ControlRig_Octagon_1mm.uasset" 1092
"../../../Engine/Plugins/Animation/ControlRig/Content/Controls/ControlRig_Octagon_1mm.uexp" 1093
"../../../Engine/Plugins/Animation/ControlRig/Content/Controls/ControlRig_Octagon_3mm.ubulk" 1094
"../../../Engine/Plugins/Animation/ControlRig/Content/Controls/ControlRig_Octagon_3mm.uasset" 1095
"../../../Engine/Plugins/Animation/ControlRig/Content/Controls/ControlRig_Octagon_3mm.uexp" 1096
"../../../Engine/Plugins/Animation/ControlRig/Content/Controls/ControlRig_Octagon_solid.ubulk" 1097
"../../../Engine/Plugins/Animation/ControlRig/Content/Controls/ControlRig_Octagon_solid.uasset" 1098
"../../../Engine/Plugins/Animation/ControlRig/Content/Controls/ControlRig_Octagon_solid.uexp" 1099
"../../../Engine/Plugins/Animation/ControlRig/Content/Controls/ControlRig_Pyramid_1mm.ubulk" 1100
"../../../Engine/Plugins/Animation/ControlRig/Content/Controls/ControlRig_Pyramid_1mm.uasset" 1101
"../../../Engine/Plugins/Animation/ControlRig/Content/Controls/ControlRig_Pyramid_1mm.uexp" 1102
"../../../Engine/Plugins/Animation/ControlRig/Content/Controls/ControlRig_Pyramid_3mm.ubulk" 1103
"../../../Engine/Plugins/Animation/ControlRig/Content/Controls/ControlRig_Pyramid_3mm.uasset" 1104
"../../../Engine/Plugins/Animation/ControlRig/Content/Controls/ControlRig_Pyramid_3mm.uexp" 1105
"../../../Engine/Plugins/Animation/ControlRig/Content/Controls/ControlRig_Pyramid_solid.ubulk" 1106
"../../../Engine/Plugins/Animation/ControlRig/Content/Controls/ControlRig_Pyramid_solid.uasset" 1107
"../../../Engine/Plugins/Animation/ControlRig/Content/Controls/ControlRig_Pyramid_solid.uexp" 1108
"../../../Engine/Plugins/Animation/ControlRig/Content/Controls/ControlRig_QuarterCircle_1mm.ubulk" 1109
"../../../Engine/Plugins/Animation/ControlRig/Content/Controls/ControlRig_QuarterCircle_1mm.uasset" 1110
"../../../Engine/Plugins/Animation/ControlRig/Content/Controls/ControlRig_QuarterCircle_1mm.uexp" 1111
"../../../Engine/Plugins/Animation/ControlRig/Content/Controls/ControlRig_QuarterCircle_3mm.ubulk" 1112
"../../../Engine/Plugins/Animation/ControlRig/Content/Controls/ControlRig_QuarterCircle_3mm.uasset" 1113
"../../../Engine/Plugins/Animation/ControlRig/Content/Controls/ControlRig_QuarterCircle_3mm.uexp" 1114
"../../../Engine/Plugins/Animation/ControlRig/Content/Controls/ControlRig_QuarterCircle_solid.ubulk" 1115
"../../../Engine/Plugins/Animation/ControlRig/Content/Controls/ControlRig_QuarterCircle_solid.uasset" 1116
"../../../Engine/Plugins/Animation/ControlRig/Content/Controls/ControlRig_QuarterCircle_solid.uexp" 1117
"../../../Engine/Plugins/Animation/ControlRig/Content/Controls/ControlRig_RoundedSquare_1mm.ubulk" 1118
"../../../Engine/Plugins/Animation/ControlRig/Content/Controls/ControlRig_RoundedSquare_1mm.uasset" 1119
"../../../Engine/Plugins/Animation/ControlRig/Content/Controls/ControlRig_RoundedSquare_1mm.uexp" 1120
"../../../Engine/Plugins/Animation/ControlRig/Content/Controls/ControlRig_RoundedSquare_3mm.ubulk" 1121
"../../../Engine/Plugins/Animation/ControlRig/Content/Controls/ControlRig_RoundedSquare_3mm.uasset" 1122
"../../../Engine/Plugins/Animation/ControlRig/Content/Controls/ControlRig_RoundedSquare_3mm.uexp" 1123
"../../../Engine/Plugins/Animation/ControlRig/Content/Controls/ControlRig_RoundedSquare_solid.ubulk" 1124
"../../../Engine/Plugins/Animation/ControlRig/Content/Controls/ControlRig_RoundedSquare_solid.uasset" 1125
"../../../Engine/Plugins/Animation/ControlRig/Content/Controls/ControlRig_RoundedSquare_solid.uexp" 1126
"../../../Engine/Plugins/Animation/ControlRig/Content/Controls/ControlRig_RoundedTriangle_1mm.ubulk" 1127
"../../../Engine/Plugins/Animation/ControlRig/Content/Controls/ControlRig_RoundedTriangle_1mm.uasset" 1128
"../../../Engine/Plugins/Animation/ControlRig/Content/Controls/ControlRig_RoundedTriangle_1mm.uexp" 1129
"../../../Engine/Plugins/Animation/ControlRig/Content/Controls/ControlRig_RoundedTriangle_3mm.ubulk" 1130
"../../../Engine/Plugins/Animation/ControlRig/Content/Controls/ControlRig_RoundedTriangle_3mm.uasset" 1131
"../../../Engine/Plugins/Animation/ControlRig/Content/Controls/ControlRig_RoundedTriangle_3mm.uexp" 1132
"../../../Engine/Plugins/Animation/ControlRig/Content/Controls/ControlRig_RoundedTriangle_solid.ubulk" 1133
"../../../Engine/Plugins/Animation/ControlRig/Content/Controls/ControlRig_RoundedTriangle_solid.uasset" 1134
"../../../Engine/Plugins/Animation/ControlRig/Content/Controls/ControlRig_RoundedTriangle_solid.uexp" 1135
"../../../Engine/Plugins/Animation/ControlRig/Content/Controls/ControlRig_Sphere_1mm.ubulk" 1136
"../../../Engine/Plugins/Animation/ControlRig/Content/Controls/ControlRig_Sphere_1mm.uasset" 1137
"../../../Engine/Plugins/Animation/ControlRig/Content/Controls/ControlRig_Sphere_1mm.uexp" 1138
"../../../Engine/Plugins/Animation/ControlRig/Content/Controls/ControlRig_Sphere_3mm.ubulk" 1139
"../../../Engine/Plugins/Animation/ControlRig/Content/Controls/ControlRig_Sphere_3mm.uasset" 1140
"../../../Engine/Plugins/Animation/ControlRig/Content/Controls/ControlRig_Sphere_3mm.uexp" 1141
"../../../Engine/Plugins/Animation/ControlRig/Content/Controls/ControlRig_Sphere_solid.ubulk" 1142
"../../../Engine/Plugins/Animation/ControlRig/Content/Controls/ControlRig_Sphere_solid.uasset" 1143
"../../../Engine/Plugins/Animation/ControlRig/Content/Controls/ControlRig_Sphere_solid.uexp" 1144
"../../../Engine/Plugins/Animation/ControlRig/Content/Controls/ControlRig_Square_1mm.ubulk" 1145
"../../../Engine/Plugins/Animation/ControlRig/Content/Controls/ControlRig_Square_1mm.uasset" 1146
"../../../Engine/Plugins/Animation/ControlRig/Content/Controls/ControlRig_Square_1mm.uexp" 1147
"../../../Engine/Plugins/Animation/ControlRig/Content/Controls/ControlRig_Square_3mm.ubulk" 1148
"../../../Engine/Plugins/Animation/ControlRig/Content/Controls/ControlRig_Square_3mm.uasset" 1149
"../../../Engine/Plugins/Animation/ControlRig/Content/Controls/ControlRig_Square_3mm.uexp" 1150
"../../../Engine/Plugins/Animation/ControlRig/Content/Controls/ControlRig_Square_solid.ubulk" 1151
"../../../Engine/Plugins/Animation/ControlRig/Content/Controls/ControlRig_Square_solid.uasset" 1152
"../../../Engine/Plugins/Animation/ControlRig/Content/Controls/ControlRig_Square_solid.uexp" 1153
"../../../Engine/Plugins/Animation/ControlRig/Content/Controls/ControlRig_Star4_1mm.ubulk" 1154
"../../../Engine/Plugins/Animation/ControlRig/Content/Controls/ControlRig_Star4_1mm.uasset" 1155
"../../../Engine/Plugins/Animation/ControlRig/Content/Controls/ControlRig_Star4_1mm.uexp" 1156
"../../../Engine/Plugins/Animation/ControlRig/Content/Controls/ControlRig_Star4_3mm.ubulk" 1157
"../../../Engine/Plugins/Animation/ControlRig/Content/Controls/ControlRig_Star4_3mm.uasset" 1158
"../../../Engine/Plugins/Animation/ControlRig/Content/Controls/ControlRig_Star4_3mm.uexp" 1159
"../../../Engine/Plugins/Animation/ControlRig/Content/Controls/ControlRig_Star4_solid.ubulk" 1160
"../../../Engine/Plugins/Animation/ControlRig/Content/Controls/ControlRig_Star4_solid.uasset" 1161
"../../../Engine/Plugins/Animation/ControlRig/Content/Controls/ControlRig_Star4_solid.uexp" 1162
"../../../Engine/Plugins/Animation/ControlRig/Content/Controls/ControlRig_Triangle_1mm.ubulk" 1163
"../../../Engine/Plugins/Animation/ControlRig/Content/Controls/ControlRig_Triangle_1mm.uasset" 1164
"../../../Engine/Plugins/Animation/ControlRig/Content/Controls/ControlRig_Triangle_1mm.uexp" 1165
"../../../Engine/Plugins/Animation/ControlRig/Content/Controls/ControlRig_Triangle_3mm.ubulk" 1166
"../../../Engine/Plugins/Animation/ControlRig/Content/Controls/ControlRig_Triangle_3mm.uasset" 1167
"../../../Engine/Plugins/Animation/ControlRig/Content/Controls/ControlRig_Triangle_3mm.uexp" 1168
"../../../Engine/Plugins/Animation/ControlRig/Content/Controls/ControlRig_Triangle_solid.ubulk" 1169
"../../../Engine/Plugins/Animation/ControlRig/Content/Controls/ControlRig_Triangle_solid.uasset" 1170
"../../../Engine/Plugins/Animation/ControlRig/Content/Controls/ControlRig_Triangle_solid.uexp" 1171
"../../../Engine/Plugins/Animation/ControlRig/Content/Controls/ControlRig_Wedge_1mm.ubulk" 1172
"../../../Engine/Plugins/Animation/ControlRig/Content/Controls/ControlRig_Wedge_1mm.uasset" 1173
"../../../Engine/Plugins/Animation/ControlRig/Content/Controls/ControlRig_Wedge_1mm.uexp" 1174
"../../../Engine/Plugins/Animation/ControlRig/Content/Controls/ControlRig_Wedge_3mm.ubulk" 1175
"../../../Engine/Plugins/Animation/ControlRig/Content/Controls/ControlRig_Wedge_3mm.uasset" 1176
"../../../Engine/Plugins/Animation/ControlRig/Content/Controls/ControlRig_Wedge_3mm.uexp" 1177
"../../../Engine/Plugins/Animation/ControlRig/Content/Controls/ControlRig_Wedge_solid.ubulk" 1178
"../../../Engine/Plugins/Animation/ControlRig/Content/Controls/ControlRig_Wedge_solid.uasset" 1179
"../../../Engine/Plugins/Animation/ControlRig/Content/Controls/ControlRig_Wedge_solid.uexp" 1180
"../../../Engine/Plugins/Media/MediaPlate/Content/SM_MediaPlateScreen.ubulk" 1181
"../../../Engine/Plugins/Media/MediaPlate/Content/SM_MediaPlateScreen.uasset" 1182
"../../../Engine/Plugins/Media/MediaPlate/Content/SM_MediaPlateScreen.uexp" 1183
"../../../Engine/Plugins/NNE/NNEDenoiser/Content/NNE_oidn2-3-0_rt_hdr_alb_nrm_small__dyn__fp16_opset11_DenoiseAlpha.uasset" 1184
"../../../Engine/Plugins/NNE/NNEDenoiser/Content/NNE_oidn2-3-0_rt_hdr_alb_nrm_small__dyn__fp16_opset11_DenoiseAlpha.uexp" 1185
"../../../Engine/Plugins/NNE/NNEDenoiser/Content/NNE_oidn2-3-0_rt_hdr_alb_nrm_small__dyn__fp16_opset11_ForwardAlpha.uasset" 1186
"../../../Engine/Plugins/NNE/NNEDenoiser/Content/NNE_oidn2-3-0_rt_hdr_alb_nrm_small__dyn__fp16_opset11_ForwardAlpha.uexp" 1187
"../../../Engine/Plugins/NNE/NNEDenoiser/Content/NNE_oidn2-3-0_rt_hdr_alb_nrm__dyn__fp16_opset11_DenoiseAlpha.uasset" 1188
"../../../Engine/Plugins/NNE/NNEDenoiser/Content/NNE_oidn2-3-0_rt_hdr_alb_nrm__dyn__fp16_opset11_DenoiseAlpha.uexp" 1189
"../../../Engine/Plugins/NNE/NNEDenoiser/Content/NNE_oidn2-3-0_rt_hdr_alb_nrm__dyn__fp16_opset11_ForwardAlpha.uasset" 1190
"../../../Engine/Plugins/NNE/NNEDenoiser/Content/NNE_oidn2-3-0_rt_hdr_alb_nrm__dyn__fp16_opset11_ForwardAlpha.uexp" 1191
"../../../Engine/Plugins/NNE/NNEDenoiser/Content/NNE_oidn2-3-0_rt_hdr_calb_cnrm_large__dyn__fp16_opset11_DenoiseAlpha.uasset" 1192
"../../../Engine/Plugins/NNE/NNEDenoiser/Content/NNE_oidn2-3-0_rt_hdr_calb_cnrm_large__dyn__fp16_opset11_DenoiseAlpha.uexp" 1193
"../../../Engine/Plugins/NNE/NNEDenoiser/Content/NNE_oidn2-3-0_rt_hdr_calb_cnrm_large__dyn__fp16_opset11_ForwardAlpha.uasset" 1194
"../../../Engine/Plugins/NNE/NNEDenoiser/Content/NNE_oidn2-3-0_rt_hdr_calb_cnrm_large__dyn__fp16_opset11_ForwardAlpha.uexp" 1195
"../../../Engine/Plugins/2D/Paper2D/Content/DefaultSpriteMaterial.uasset" 1196
"../../../Engine/Plugins/2D/Paper2D/Content/DefaultSpriteMaterial.uexp" 1197
"../../../Engine/Plugins/2D/Paper2D/Content/MaskedUnlitSpriteMaterial.uasset" 1198
"../../../Engine/Plugins/2D/Paper2D/Content/MaskedUnlitSpriteMaterial.uexp" 1199
"../../../Engine/Plugins/2D/Paper2D/Content/OpaqueUnlitSpriteMaterial.uasset" 1200
"../../../Engine/Plugins/2D/Paper2D/Content/OpaqueUnlitSpriteMaterial.uexp" 1201
"../../../Engine/Content/VREditor/TransformGizmo/TranslucentTransformGizmoMaterial_Inst.uasset" 1202
"../../../Engine/Content/VREditor/TransformGizmo/TranslucentTransformGizmoMaterial_Inst.uexp" 1203
"../../../Engine/Content/VREditor/TransformGizmo/TransformGizmoMaterial_Inst.uasset" 1204
"../../../Engine/Content/VREditor/TransformGizmo/TransformGizmoMaterial_Inst.uexp" 1205
"../../../Engine/Content/VREditor/Sounds/UI/Drop_Item_From_ContentBrowser.ubulk" 1206
"../../../Engine/Content/VREditor/Sounds/UI/Drop_Item_From_ContentBrowser.uasset" 1207
"../../../Engine/Content/VREditor/Sounds/UI/Drop_Item_From_ContentBrowser.uexp" 1208
"../../../Engine/Content/VREditor/TransformGizmo/UniformScaleHandle.ubulk" 1209
"../../../Engine/Content/VREditor/TransformGizmo/UniformScaleHandle.uasset" 1210
"../../../Engine/Content/VREditor/TransformGizmo/UniformScaleHandle.uexp" 1211
"../../../Engine/Content/VREditor/TransformGizmo/TranslateArrowHandle.ubulk" 1212
"../../../Engine/Content/VREditor/TransformGizmo/TranslateArrowHandle.uasset" 1213
"../../../Engine/Content/VREditor/TransformGizmo/TranslateArrowHandle.uexp" 1214
"../../../Engine/Content/VREditor/TransformGizmo/TransformGizmoFreeRotation.ubulk" 1215
"../../../Engine/Content/VREditor/TransformGizmo/TransformGizmoFreeRotation.uasset" 1216
"../../../Engine/Content/VREditor/TransformGizmo/TransformGizmoFreeRotation.uexp" 1217
"../../../Engine/Content/VREditor/TransformGizmo/StartRotationHandleIndicator.ubulk" 1218
"../../../Engine/Content/VREditor/TransformGizmo/StartRotationHandleIndicator.uasset" 1219
"../../../Engine/Content/VREditor/TransformGizmo/StartRotationHandleIndicator.uexp" 1220
"../../../Engine/Content/Functions/Engine_MaterialFunctions02/SplitComponents.uasset" 1221
"../../../Engine/Content/Functions/Engine_MaterialFunctions02/SplitComponents.uexp" 1222
"../../../Engine/Content/VREditor/SnapGrid/SnapGridMaterial.uasset" 1223
"../../../Engine/Content/VREditor/SnapGrid/SnapGridMaterial.uexp" 1224
"../../../Engine/Content/VREditor/SnapGrid/SnapGridPlaneMesh.ubulk" 1225
"../../../Engine/Content/VREditor/SnapGrid/SnapGridPlaneMesh.uasset" 1226
"../../../Engine/Content/VREditor/SnapGrid/SnapGridPlaneMesh.uexp" 1227
"../../../Engine/Content/VREditor/Sounds/UI/Gizmo_Handle_Clicked.ubulk" 1228
"../../../Engine/Content/VREditor/Sounds/UI/Gizmo_Handle_Clicked.uasset" 1229
"../../../Engine/Content/VREditor/Sounds/UI/Gizmo_Handle_Clicked.uexp" 1230
"../../../Engine/Content/VREditor/Sounds/UI/Object_PickUp.ubulk" 1231
"../../../Engine/Content/VREditor/Sounds/UI/Object_PickUp.uasset" 1232
"../../../Engine/Content/VREditor/Sounds/UI/Object_PickUp.uexp" 1233
"../../../Engine/Content/VREditor/Sounds/UI/Object_Snaps_To_Another_Actor.ubulk" 1234
"../../../Engine/Content/VREditor/Sounds/UI/Object_Snaps_To_Another_Actor.uasset" 1235
"../../../Engine/Content/VREditor/Sounds/UI/Object_Snaps_To_Another_Actor.uexp" 1236
"../../../Engine/Content/VREditor/Sounds/UI/Object_Snaps_To_Grid.ubulk" 1237
"../../../Engine/Content/VREditor/Sounds/UI/Object_Snaps_To_Grid.uasset" 1238
"../../../Engine/Content/VREditor/Sounds/UI/Object_Snaps_To_Grid.uexp" 1239
"../../../Engine/Content/VREditor/Sounds/UI/Scaling_Down.ubulk" 1240
"../../../Engine/Content/VREditor/Sounds/UI/Scaling_Down.uasset" 1241
"../../../Engine/Content/VREditor/Sounds/UI/Scaling_Down.uexp" 1242
"../../../Engine/Content/VREditor/Sounds/UI/Scaling_Up.ubulk" 1243
"../../../Engine/Content/VREditor/Sounds/UI/Scaling_Up.uasset" 1244
"../../../Engine/Content/VREditor/Sounds/UI/Scaling_Up.uexp" 1245
"../../../Engine/Content/VREditor/Sounds/UI/Selection_Changes.ubulk" 1246
"../../../Engine/Content/VREditor/Sounds/UI/Selection_Changes.uasset" 1247
"../../../Engine/Content/VREditor/Sounds/UI/Selection_Changes.uexp" 1248
"../../../Engine/Content/VREditor/TransformGizmo/PlaneTranslationHandle.ubulk" 1249
"../../../Engine/Content/VREditor/TransformGizmo/PlaneTranslationHandle.uasset" 1250
"../../../Engine/Content/VREditor/TransformGizmo/PlaneTranslationHandle.uexp" 1251
"../../../Engine/Content/VREditor/TransformGizmo/RotationHandleFull.ubulk" 1252
"../../../Engine/Content/VREditor/TransformGizmo/RotationHandleFull.uasset" 1253
"../../../Engine/Content/VREditor/TransformGizmo/RotationHandleFull.uexp" 1254
"../../../Engine/Content/VREditor/TransformGizmo/RotationHandleIndicator.ubulk" 1255
"../../../Engine/Content/VREditor/TransformGizmo/RotationHandleIndicator.uasset" 1256
"../../../Engine/Content/VREditor/TransformGizmo/RotationHandleIndicator.uexp" 1257
"../../../Engine/Content/VREditor/TransformGizmo/RotationHandleQuarter.ubulk" 1258
"../../../Engine/Content/VREditor/TransformGizmo/RotationHandleQuarter.uasset" 1259
"../../../Engine/Content/VREditor/TransformGizmo/RotationHandleQuarter.uexp" 1260
"../../../Engine/Plugins/NNE/NNEDenoiser/Content/NNED_Oidn2-3_HighQuality_Alpha.uasset" 1261
"../../../Engine/Plugins/NNE/NNEDenoiser/Content/NNED_Oidn2-3_HighQuality_Alpha.uexp" 1262
"../../../Engine/Plugins/NNE/NNEDenoiser/Content/NNED_Oidn2-3_HighQuality.uasset" 1263
"../../../Engine/Plugins/NNE/NNEDenoiser/Content/NNED_Oidn2-3_HighQuality.uexp" 1264
"../../../Engine/Plugins/NNE/NNEDenoiser/Content/NNED_Oidn2-3_Fast_Alpha.uasset" 1265
"../../../Engine/Plugins/NNE/NNEDenoiser/Content/NNED_Oidn2-3_Fast_Alpha.uexp" 1266
"../../../Engine/Plugins/NNE/NNEDenoiser/Content/NNED_Oidn2-3_Fast.uasset" 1267
"../../../Engine/Plugins/NNE/NNEDenoiser/Content/NNED_Oidn2-3_Fast.uexp" 1268
"../../../Engine/Plugins/NNE/NNEDenoiser/Content/NNED_Oidn2-3_Balanced_Alpha.uasset" 1269
"../../../Engine/Plugins/NNE/NNEDenoiser/Content/NNED_Oidn2-3_Balanced_Alpha.uexp" 1270
"../../../Engine/Plugins/NNE/NNEDenoiser/Content/NNED_Oidn2-3_Balanced.uasset" 1271
"../../../Engine/Plugins/NNE/NNEDenoiser/Content/NNED_Oidn2-3_Balanced.uexp" 1272
"../../../Engine/Plugins/NNE/NNEDenoiser/Content/NNEDT_Oidn2-3_Balanced_Alpha.uasset" 1273
"../../../Engine/Plugins/NNE/NNEDenoiser/Content/NNEDT_Oidn2-3_Balanced_Alpha.uexp" 1274
"../../../Engine/Plugins/NNE/NNEDenoiser/Content/NNEDT_Oidn2-3_Balanced.uasset" 1275
"../../../Engine/Plugins/NNE/NNEDenoiser/Content/NNEDT_Oidn2-3_Balanced.uexp" 1276
"../../../Engine/Plugins/Animation/DeformerGraph/Content/DeformerFunctions/DG_Function_LinearBlendSkin_Morph_Cloth_PositionOnly.uasset" 1277
"../../../Engine/Plugins/Animation/DeformerGraph/Content/DeformerFunctions/DG_Function_LinearBlendSkin_Morph_Cloth_PositionOnly.uexp" 1278
"../../../Engine/Plugins/Animation/DeformerGraph/Content/DeformerFunctions/DG_Function_ComputeNormalsTangents.uasset" 1279
"../../../Engine/Plugins/Animation/DeformerGraph/Content/DeformerFunctions/DG_Function_ComputeNormalsTangents.uexp" 1280
"../../../Engine/Plugins/Animation/DeformerGraph/Content/Deformers/DG_LinearBlendSkin_Morph_Cloth_RecomputeNormals.uasset" 1281
"../../../Engine/Plugins/Animation/DeformerGraph/Content/Deformers/DG_LinearBlendSkin_Morph_Cloth_RecomputeNormals.uexp" 1282
"../../../Engine/Plugins/Animation/DeformerGraph/Content/DeformerFunctions/DG_Function_LinearBlendSkin_Morph_Cloth.uasset" 1283
"../../../Engine/Plugins/Animation/DeformerGraph/Content/DeformerFunctions/DG_Function_LinearBlendSkin_Morph_Cloth.uexp" 1284
"../../../Engine/Plugins/Animation/DeformerGraph/Content/Deformers/DG_LinearBlendSkin_Morph_Cloth.uasset" 1285
"../../../Engine/Plugins/Animation/DeformerGraph/Content/Deformers/DG_LinearBlendSkin_Morph_Cloth.uexp" 1286
"../../../Engine/Content/EngineSky/T_Sky_Stars.ubulk" 1287
"../../../Engine/Content/EngineSky/T_Sky_Stars.uasset" 1288
"../../../Engine/Content/EngineSky/T_Sky_Stars.uexp" 1289
"../../../Engine/Content/EngineSky/T_Sky_Clouds_M.ubulk" 1290
"../../../Engine/Content/EngineSky/T_Sky_Clouds_M.uasset" 1291
"../../../Engine/Content/EngineSky/T_Sky_Clouds_M.uexp" 1292
"../../../Engine/Content/EngineSky/T_Sky_Blue.ubulk" 1293
"../../../Engine/Content/EngineSky/T_Sky_Blue.uasset" 1294
"../../../Engine/Content/EngineSky/T_Sky_Blue.uexp" 1295
"../../../Engine/Content/EngineSky/M_Sky_Panning_Clouds2.uasset" 1296
"../../../Engine/Content/EngineSky/M_Sky_Panning_Clouds2.uexp" 1297
"../../../Engine/Content/EngineSky/SM_SkySphere.ubulk" 1298
"../../../Engine/Content/EngineSky/SM_SkySphere.uasset" 1299
"../../../Engine/Content/EngineSky/SM_SkySphere.uexp" 1300
"../../../Engine/Content/EngineSky/M_SimpleSkyDome.uasset" 1301
"../../../Engine/Content/EngineSky/M_SimpleSkyDome.uexp" 1302
"../../../Engine/Content/EngineSky/VolumetricClouds/VT_PerlinWorley_Balanced.uasset" 1303
"../../../Engine/Content/EngineSky/VolumetricClouds/VT_PerlinWorley_Balanced.uexp" 1304
"../../../Engine/Content/EngineSky/VolumetricClouds/T_Profile_08.ubulk" 1305
"../../../Engine/Content/EngineSky/VolumetricClouds/T_Profile_08.uasset" 1306
"../../../Engine/Content/EngineSky/VolumetricClouds/T_Profile_08.uexp" 1307
"../../../Engine/Content/EngineSky/VolumetricClouds/T_CloudPattern.ubulk" 1308
"../../../Engine/Content/EngineSky/VolumetricClouds/T_CloudPattern.uasset" 1309
"../../../Engine/Content/EngineSky/VolumetricClouds/T_CloudPattern.uexp" 1310
"../../../Engine/Content/EngineSky/VolumetricClouds/T_CloudMask.ubulk" 1311
"../../../Engine/Content/EngineSky/VolumetricClouds/T_CloudMask.uasset" 1312
"../../../Engine/Content/EngineSky/VolumetricClouds/T_CloudMask.uexp" 1313
"../../../Engine/Content/Functions/Engine_MaterialFunctions02/Utility/BreakOutFloat4Components.uasset" 1314
"../../../Engine/Content/Functions/Engine_MaterialFunctions02/Utility/BreakOutFloat4Components.uexp" 1315
"../../../Engine/Content/Functions/Engine_MaterialFunctions02/Utility/MakeFloat4.uasset" 1316
"../../../Engine/Content/Functions/Engine_MaterialFunctions02/Utility/MakeFloat4.uexp" 1317
"../../../Engine/Content/EngineResources/DefaultVolumeTexture2D.uasset" 1318
"../../../Engine/Content/EngineResources/DefaultVolumeTexture2D.uexp" 1319
"../../../Engine/Content/EngineResources/DefaultVolumeTexture.uasset" 1320
"../../../Engine/Content/EngineResources/DefaultVolumeTexture.uexp" 1321
"../../../Engine/Content/EngineSky/VolumetricClouds/VT_Lightning.uasset" 1322
"../../../Engine/Content/EngineSky/VolumetricClouds/VT_Lightning.uexp" 1323
"../../../Engine/Content/Functions/Engine_MaterialFunctions01/Units/Km-to-Cm.uasset" 1324
"../../../Engine/Content/Functions/Engine_MaterialFunctions01/Units/Km-to-Cm.uexp" 1325
"../../../Engine/Content/EngineSky/VolumetricClouds/m_SimpleVolumetricCloud.uasset" 1326
"../../../Engine/Content/EngineSky/VolumetricClouds/m_SimpleVolumetricCloud.uexp" 1327
"../../../Engine/Content/EngineSky/VolumetricClouds/m_SimpleVolumetricCloud_Inst.uasset" 1328
"../../../Engine/Content/EngineSky/VolumetricClouds/m_SimpleVolumetricCloud_Inst.uexp" 1329
"C:/Unreal/Unreal Projects/Urbanization/Content/SFX/pablodepacas-movietime-246513.ubulk" 1330
"C:/Unreal/Unreal Projects/Urbanization/Content/SFX/pablodepacas-movietime-246513.uasset" 1331
"C:/Unreal/Unreal Projects/Urbanization/Content/SFX/pablodepacas-movietime-246513.uexp" 1332
"C:/Unreal/Unreal Projects/Urbanization/Content/SFX/pablodepacas-da-blues-387736.ubulk" 1333
"C:/Unreal/Unreal Projects/Urbanization/Content/SFX/pablodepacas-da-blues-387736.uasset" 1334
"C:/Unreal/Unreal Projects/Urbanization/Content/SFX/pablodepacas-da-blues-387736.uexp" 1335
"C:/Unreal/Unreal Projects/Urbanization/Content/SFX/pablodepacas-construction-232975.ubulk" 1336
"C:/Unreal/Unreal Projects/Urbanization/Content/SFX/pablodepacas-construction-232975.uasset" 1337
"C:/Unreal/Unreal Projects/Urbanization/Content/SFX/pablodepacas-construction-232975.uexp" 1338
"C:/Unreal/Unreal Projects/Urbanization/Content/SFX/BP_MusicController.uasset" 1339
"C:/Unreal/Unreal Projects/Urbanization/Content/SFX/BP_MusicController.uexp" 1340
"C:/Unreal/Unreal Projects/Urbanization/Content/Sandbox.uexp" 1341
"C:/Unreal/Unreal Projects/Urbanization/Content/Sandbox.umap" 1342
"../../../Engine/Content/MapTemplates/SM_Template_Map_Floor.ubulk" 1343
"../../../Engine/Content/MapTemplates/SM_Template_Map_Floor.uasset" 1344
"../../../Engine/Content/MapTemplates/SM_Template_Map_Floor.uexp" 1345
"../../../Engine/Content/EngineMaterials/BlendFunc_DefBlend.uasset" 1346
"../../../Engine/Content/EngineMaterials/BlendFunc_DefBlend.uexp" 1347
"../../../Engine/Content/EngineMaterials/BlendFunc_DefBase.uasset" 1348
"../../../Engine/Content/EngineMaterials/BlendFunc_DefBase.uexp" 1349
"../../../Engine/Content/Functions/Engine_MaterialFunctions03/Blends/Blend_Overlay.uasset" 1350
"../../../Engine/Content/Functions/Engine_MaterialFunctions03/Blends/Blend_Overlay.uexp" 1351
"../../../Engine/Content/OpenWorldTemplate/LandscapeMaterial/T_GridChecker_A.ubulk" 1352
"../../../Engine/Content/OpenWorldTemplate/LandscapeMaterial/T_GridChecker_A.uasset" 1353
"../../../Engine/Content/OpenWorldTemplate/LandscapeMaterial/T_GridChecker_A.uexp" 1354
"../../../Engine/Content/OpenWorldTemplate/LandscapeMaterial/MF_ProcGrid.uasset" 1355
"../../../Engine/Content/OpenWorldTemplate/LandscapeMaterial/MF_ProcGrid.uexp" 1356
"../../../Engine/Content/OpenWorldTemplate/LandscapeMaterial/M_ProcGrid.uasset" 1357
"../../../Engine/Content/OpenWorldTemplate/LandscapeMaterial/M_ProcGrid.uexp" 1358
"../../../Engine/Content/OpenWorldTemplate/LandscapeMaterial/MI_ProcGrid.uasset" 1359
"../../../Engine/Content/OpenWorldTemplate/LandscapeMaterial/MI_ProcGrid.uexp" 1360
"C:/Unreal/Unreal Projects/Urbanization/Content/UI/WBP_MainMenu.uasset" 1361
"C:/Unreal/Unreal Projects/Urbanization/Content/UI/WBP_MainMenu.uexp" 1362
"C:/Unreal/Unreal Projects/Urbanization/Content/MainMenu.uexp" 1363
"C:/Unreal/Unreal Projects/Urbanization/Content/MainMenu.umap" 1364
"../../../Engine/Content/Maps/Entry_BuiltData.uasset" 1365
"../../../Engine/Content/Maps/Entry_BuiltData.uexp" 1366
"../../../Engine/Content/Maps/Entry.uexp" 1367
"../../../Engine/Content/Maps/Entry.umap" 1368
